epoch,step,train_loss
1,0,0.332434
1,1,0.463628
1,2,0.419039
1,3,0.373056
1,4,0.438918
1,5,0.439284
1,6,0.470029
1,7,0.430318
1,8,0.323650
1,9,0.350633
1,10,0.462931
1,11,0.438342
1,12,0.481695
1,13,0.378466
1,14,0.524186
1,15,0.387545
1,16,0.386811
1,17,0.429384
1,18,0.370635
1,19,0.396204
1,20,0.418439
1,21,0.355161
1,22,0.426399
1,23,0.404972
1,24,0.456100
1,25,0.387620
1,26,0.370191
1,27,0.365728
1,28,0.417952
1,29,0.444895
1,30,0.339369
1,31,0.387664
1,32,0.401253
1,33,0.418808
1,34,0.428238
1,35,0.550603
1,36,0.393397
1,37,0.351291
1,38,0.330556
1,39,0.411056
1,40,0.430504
1,41,0.453563
1,42,0.336997
1,43,0.395854
2,0,0.426033
2,1,0.388650
2,2,0.333957
2,3,0.450488
2,4,0.508149
2,5,0.466566
2,6,0.303295
2,7,0.429030
2,8,0.338499
2,9,0.422023
2,10,0.410931
2,11,0.407861
2,12,0.345211
2,13,0.338601
2,14,0.335214
2,15,0.437599
2,16,0.437163
2,17,0.354335
2,18,0.382206
2,19,0.434602
2,20,0.392948
2,21,0.373388
2,22,0.517184
2,23,0.313240
2,24,0.455576
2,25,0.349686
2,26,0.390396
2,27,0.406092
2,28,0.393801
2,29,0.521161
2,30,0.351508
2,31,0.385034
2,32,0.338678
2,33,0.449856
2,34,0.441578
2,35,0.413181
2,36,0.453392
2,37,0.414786
2,38,0.409726
2,39,0.459670
2,40,0.471585
2,41,0.445737
2,42,0.413862
2,43,0.346754
3,0,0.407603
3,1,0.328129
3,2,0.400324
3,3,0.384812
3,4,0.415977
3,5,0.425363
3,6,0.393677
3,7,0.321756
3,8,0.325419
3,9,0.404263
3,10,0.324424
3,11,0.513630
3,12,0.551244
3,13,0.425532
3,14,0.510151
3,15,0.424736
3,16,0.443719
3,17,0.354441
3,18,0.383803
3,19,0.372431
3,20,0.469472
3,21,0.422858
3,22,0.402961
3,23,0.438032
3,24,0.419778
3,25,0.433193
3,26,0.395897
3,27,0.462647
3,28,0.395024
3,29,0.408327
3,30,0.489802
3,31,0.377120
3,32,0.436713
3,33,0.351366
3,34,0.386125
3,35,0.390320
3,36,0.353822
3,37,0.481429
3,38,0.375250
3,39,0.413789
3,40,0.481142
3,41,0.361066
3,42,0.388888
3,43,0.339046
4,0,0.387822
4,1,0.520953
4,2,0.343869
4,3,0.314395
4,4,0.450867
4,5,0.392964
4,6,0.350440
4,7,0.424020
4,8,0.401261
4,9,0.350764
4,10,0.410850
4,11,0.376594
4,12,0.472240
4,13,0.386038
4,14,0.456023
4,15,0.452737
4,16,0.327439
4,17,0.414172
4,18,0.368565
4,19,0.383839
4,20,0.498730
4,21,0.444887
4,22,0.373012
4,23,0.361405
4,24,0.396023
4,25,0.349976
4,26,0.397167
4,27,0.497912
4,28,0.376755
4,29,0.446322
4,30,0.398129
4,31,0.399857
4,32,0.429898
4,33,0.409807
4,34,0.402791
4,35,0.454534
4,36,0.359608
4,37,0.346175
4,38,0.394536
4,39,0.467522
4,40,0.609689
4,41,0.470505
4,42,0.366170
4,43,0.418922
5,0,0.363038
5,1,0.427222
5,2,0.392567
5,3,0.409000
5,4,0.382878
5,5,0.338572
5,6,0.443996
5,7,0.405769
5,8,0.444561
5,9,0.343935
5,10,0.416259
5,11,0.435062
5,12,0.448594
5,13,0.370659
5,14,0.453865
5,15,0.429966
5,16,0.389776
5,17,0.421861
5,18,0.322636
5,19,0.339106
5,20,0.449039
5,21,0.360203
5,22,0.377078
5,23,0.351277
5,24,0.416075
5,25,0.397463
5,26,0.394481
5,27,0.455191
5,28,0.406930
5,29,0.400833
5,30,0.542009
5,31,0.414015
5,32,0.386239
5,33,0.382022
5,34,0.449977
5,35,0.284402
5,36,0.321693
5,37,0.515649
5,38,0.485320
5,39,0.443383
5,40,0.406509
5,41,0.388591
5,42,0.356651
5,43,0.439235
6,0,0.423786
6,1,0.429945
6,2,0.500111
6,3,0.430497
6,4,0.343375
6,5,0.455382
6,6,0.455371
6,7,0.383419
6,8,0.417458
6,9,0.405858
6,10,0.454509
6,11,0.490714
6,12,0.501247
6,13,0.372736
6,14,0.412342
6,15,0.345704
6,16,0.343775
6,17,0.364824
6,18,0.456204
6,19,0.393324
6,20,0.360257
6,21,0.401767
6,22,0.465521
6,23,0.424423
6,24,0.334185
6,25,0.383145
6,26,0.469984
6,27,0.456225
6,28,0.476090
6,29,0.434042
6,30,0.424431
6,31,0.415436
6,32,0.428253
6,33,0.494781
6,34,0.290005
6,35,0.334572
6,36,0.411169
6,37,0.416096
6,38,0.384266
6,39,0.404059
6,40,0.367814
6,41,0.412257
6,42,0.377580
6,43,0.463684
7,0,0.541976
7,1,0.419668
7,2,0.367886
7,3,0.380290
7,4,0.447229
7,5,0.408560
7,6,0.285473
7,7,0.303688
7,8,0.353630
7,9,0.463626
7,10,0.401901
7,11,0.422241
7,12,0.362219
7,13,0.346712
7,14,0.416559
7,15,0.382706
7,16,0.451493
7,17,0.421408
7,18,0.516589
7,19,0.474480
7,20,0.401004
7,21,0.398340
7,22,0.398152
7,23,0.313038
7,24,0.428937
7,25,0.456597
7,26,0.461959
7,27,0.325678
7,28,0.436025
7,29,0.505643
7,30,0.426317
7,31,0.458695
7,32,0.419590
7,33,0.455426
7,34,0.450186
7,35,0.414343
7,36,0.449404
7,37,0.465908
7,38,0.391310
7,39,0.364483
7,40,0.412483
7,41,0.368306
7,42,0.455379
7,43,0.443051
8,0,0.406889
8,1,0.449063
8,2,0.334170
8,3,0.433820
8,4,0.449275
8,5,0.304496
8,6,0.406464
8,7,0.478036
8,8,0.457590
8,9,0.521989
8,10,0.467112
8,11,0.381413
8,12,0.455501
8,13,0.357995
8,14,0.433354
8,15,0.354324
8,16,0.446809
8,17,0.427038
8,18,0.414472
8,19,0.347919
8,20,0.412332
8,21,0.380347
8,22,0.406012
8,23,0.348035
8,24,0.374613
8,25,0.423567
8,26,0.519095
8,27,0.438825
8,28,0.451908
8,29,0.451184
8,30,0.460652
8,31,0.462967
8,32,0.438804
8,33,0.477083
8,34,0.421639
8,35,0.357510
8,36,0.372716
8,37,0.308570
8,38,0.426538
8,39,0.380920
8,40,0.518516
8,41,0.374077
8,42,0.348355
8,43,0.406580
9,0,0.316393
9,1,0.471010
9,2,0.507325
9,3,0.459411
9,4,0.458615
9,5,0.403152
9,6,0.300972
9,7,0.505070
9,8,0.383996
9,9,0.377330
9,10,0.379234
9,11,0.382885
9,12,0.397703
9,13,0.449009
9,14,0.361878
9,15,0.509520
9,16,0.358364
9,17,0.401398
9,18,0.360670
9,19,0.455567
9,20,0.372029
9,21,0.457108
9,22,0.442939
9,23,0.391537
9,24,0.326807
9,25,0.441347
9,26,0.484414
9,27,0.401975
9,28,0.334926
9,29,0.416017
9,30,0.409106
9,31,0.410629
9,32,0.547420
9,33,0.405823
9,34,0.415293
9,35,0.323280
9,36,0.322386
9,37,0.430695
9,38,0.440043
9,39,0.368996
9,40,0.499689
9,41,0.465964
9,42,0.437499
9,43,0.460361
10,0,0.319407
10,1,0.390367
10,2,0.427943
10,3,0.372559
10,4,0.363029
10,5,0.463278
10,6,0.356907
10,7,0.461386
10,8,0.340720
10,9,0.425248
10,10,0.507695
10,11,0.409043
10,12,0.405321
10,13,0.369532
10,14,0.332898
10,15,0.389764
10,16,0.343585
10,17,0.433374
10,18,0.414569
10,19,0.467673
10,20,0.437994
10,21,0.462525
10,22,0.375587
10,23,0.306865
10,24,0.408509
10,25,0.404337
10,26,0.498305
10,27,0.397115
10,28,0.448771
10,29,0.443335
10,30,0.361145
10,31,0.453967
10,32,0.414717
10,33,0.483179
10,34,0.428238
10,35,0.491972
10,36,0.547864
10,37,0.476437
10,38,0.465565
10,39,0.382694
10,40,0.340331
10,41,0.400620
10,42,0.423077
10,43,0.477997
11,0,0.360471
11,1,0.366221
11,2,0.452143
11,3,0.476240
11,4,0.357183
11,5,0.451227
11,6,0.402462
11,7,0.369012
11,8,0.432527
11,9,0.490159
11,10,0.418975
11,11,0.359806
11,12,0.426812
11,13,0.396182
11,14,0.333586
11,15,0.399150
11,16,0.481564
11,17,0.348293
11,18,0.460053
11,19,0.395061
11,20,0.403638
11,21,0.488511
11,22,0.389014
11,23,0.424960
11,24,0.446748
11,25,0.299635
11,26,0.425419
11,27,0.441713
11,28,0.495753
11,29,0.386617
11,30,0.483656
11,31,0.337136
11,32,0.388012
11,33,0.407282
11,34,0.454635
11,35,0.503789
11,36,0.403701
11,37,0.409580
11,38,0.378056
11,39,0.401728
11,40,0.352882
11,41,0.384246
11,42,0.404719
11,43,0.413670
12,0,0.579885
12,1,0.459797
12,2,0.419481
12,3,0.446626
12,4,0.463799
12,5,0.371240
12,6,0.448038
12,7,0.324426
12,8,0.468707
12,9,0.390900
12,10,0.402776
12,11,0.488855
12,12,0.381763
12,13,0.472339
12,14,0.382762
12,15,0.460457
12,16,0.398440
12,17,0.309132
12,18,0.526890
12,19,0.444090
12,20,0.370934
12,21,0.499822
12,22,0.444636
12,23,0.453987
12,24,0.444317
12,25,0.445239
12,26,0.444213
12,27,0.450317
12,28,0.400346
12,29,0.495028
12,30,0.357822
12,31,0.375134
12,32,0.436402
12,33,0.442594
12,34,0.391417
12,35,0.375218
12,36,0.398481
12,37,0.403453
12,38,0.478140
12,39,0.403533
12,40,0.406160
12,41,0.435251
12,42,0.448170
12,43,0.417142
13,0,0.405927
13,1,0.385134
13,2,0.426598
13,3,0.462008
13,4,0.468787
13,5,0.379555
13,6,0.454326
13,7,0.386298
13,8,0.342669
13,9,0.486889
13,10,0.490924
13,11,0.316489
13,12,0.315247
13,13,0.498457
13,14,0.540483
13,15,0.503709
13,16,0.472036
13,17,0.459803
13,18,0.318093
13,19,0.418001
13,20,0.353687
13,21,0.341138
13,22,0.424079
13,23,0.404713
13,24,0.514953
13,25,0.390561
13,26,0.474507
13,27,0.370401
13,28,0.441151
13,29,0.426987
13,30,0.375814
13,31,0.396071
13,32,0.484528
13,33,0.401868
13,34,0.405592
13,35,0.390896
13,36,0.441125
13,37,0.473679
13,38,0.405312
13,39,0.512088
13,40,0.430821
13,41,0.394280
13,42,0.388915
13,43,0.351103
14,0,0.448797
14,1,0.481200
14,2,0.409160
14,3,0.481386
14,4,0.433313
14,5,0.386098
14,6,0.434238
14,7,0.409462
14,8,0.512686
14,9,0.491558
14,10,0.342070
14,11,0.489989
14,12,0.432799
14,13,0.426482
14,14,0.392987
14,15,0.357642
14,16,0.414927
14,17,0.404435
14,18,0.466398
14,19,0.489000
14,20,0.440127
14,21,0.456346
14,22,0.437244
14,23,0.405198
14,24,0.392514
14,25,0.414751
14,26,0.363960
14,27,0.424726
14,28,0.386771
14,29,0.351888
14,30,0.522259
14,31,0.432169
14,32,0.361256
14,33,0.429397
14,34,0.370667
14,35,0.410275
14,36,0.421628
14,37,0.425466
14,38,0.450567
14,39,0.442800
14,40,0.412100
14,41,0.277755
14,42,0.427611
14,43,0.456138
15,0,0.443716
15,1,0.345418
15,2,0.372587
15,3,0.397445
15,4,0.365161
15,5,0.446990
15,6,0.372431
15,7,0.498429
15,8,0.403053
15,9,0.365189
15,10,0.408956
15,11,0.402976
15,12,0.386527
15,13,0.426931
15,14,0.324887
15,15,0.407054
15,16,0.428565
15,17,0.420701
15,18,0.450872
15,19,0.378505
15,20,0.337096
15,21,0.417185
15,22,0.509079
15,23,0.412997
15,24,0.379941
15,25,0.498630
15,26,0.388145
15,27,0.408000
15,28,0.409776
15,29,0.406176
15,30,0.346238
15,31,0.444198
15,32,0.395267
15,33,0.418332
15,34,0.463135
15,35,0.392790
15,36,0.501448
15,37,0.337139
15,38,0.380854
15,39,0.404373
15,40,0.381051
15,41,0.428381
15,42,0.357134
15,43,0.471968
16,0,0.394732
16,1,0.384090
16,2,0.384772
16,3,0.416029
16,4,0.428652
16,5,0.523227
16,6,0.413398
16,7,0.273550
16,8,0.510868
16,9,0.284378
16,10,0.420203
16,11,0.332531
16,12,0.348765
16,13,0.361252
16,14,0.422510
16,15,0.405232
16,16,0.407648
16,17,0.369320
16,18,0.466554
16,19,0.412144
16,20,0.426209
16,21,0.412847
16,22,0.324783
16,23,0.371247
16,24,0.326135
16,25,0.508813
16,26,0.364699
16,27,0.397559
16,28,0.424936
16,29,0.421172
16,30,0.354691
16,31,0.385675
16,32,0.454785
16,33,0.384573
16,34,0.422384
16,35,0.470167
16,36,0.508993
16,37,0.378574
16,38,0.424952
16,39,0.487552
16,40,0.370007
16,41,0.383667
16,42,0.338586
16,43,0.418116
17,0,0.341985
17,1,0.463532
17,2,0.333831
17,3,0.365621
17,4,0.430083
17,5,0.339279
17,6,0.428136
17,7,0.447977
17,8,0.462612
17,9,0.328275
17,10,0.357408
17,11,0.442725
17,12,0.396447
17,13,0.420416
17,14,0.418785
17,15,0.319143
17,16,0.503539
17,17,0.384611
17,18,0.458514
17,19,0.333878
17,20,0.466844
17,21,0.385011
17,22,0.427393
17,23,0.342886
17,24,0.419650
17,25,0.436453
17,26,0.390794
17,27,0.394808
17,28,0.358361
17,29,0.518260
17,30,0.498931
17,31,0.388551
17,32,0.388123
17,33,0.371451
17,34,0.341942
17,35,0.425953
17,36,0.396034
17,37,0.463004
17,38,0.340893
17,39,0.433509
17,40,0.302836
17,41,0.350117
17,42,0.414096
17,43,0.342919
18,0,0.432315
18,1,0.351325
18,2,0.446100
18,3,0.328131
18,4,0.328062
18,5,0.347488
18,6,0.380681
18,7,0.382453
18,8,0.393496
18,9,0.540944
18,10,0.387655
18,11,0.414635
18,12,0.392474
18,13,0.452597
18,14,0.477856
18,15,0.312825
18,16,0.350578
18,17,0.498608
18,18,0.473712
18,19,0.414617
18,20,0.452500
18,21,0.326825
18,22,0.382087
18,23,0.395418
18,24,0.315749
18,25,0.317536
18,26,0.435934
18,27,0.383846
18,28,0.436312
18,29,0.285394
18,30,0.488578
18,31,0.465664
18,32,0.303510
18,33,0.437929
18,34,0.492645
18,35,0.383033
18,36,0.470562
18,37,0.374011
18,38,0.416732
18,39,0.463932
18,40,0.421153
18,41,0.336591
18,42,0.487980
18,43,0.400386
19,0,0.337933
19,1,0.390949
19,2,0.364479
19,3,0.407260
19,4,0.436063
19,5,0.422166
19,6,0.476244
19,7,0.457877
19,8,0.433403
19,9,0.421614
19,10,0.343817
19,11,0.287946
19,12,0.391945
19,13,0.416875
19,14,0.435287
19,15,0.476839
19,16,0.480574
19,17,0.388245
19,18,0.425541
19,19,0.361888
19,20,0.348860
19,21,0.370255
19,22,0.378751
19,23,0.387314
19,24,0.342971
19,25,0.277519
19,26,0.364791
19,27,0.424416
19,28,0.368833
19,29,0.338268
19,30,0.400496
19,31,0.355564
19,32,0.371458
19,33,0.548949
19,34,0.368747
19,35,0.395714
19,36,0.448251
19,37,0.315450
19,38,0.473061
19,39,0.352323
19,40,0.405822
19,41,0.417720
19,42,0.476073
19,43,0.465774
20,0,0.329792
20,1,0.418128
20,2,0.378451
20,3,0.431973
20,4,0.348880
20,5,0.342697
20,6,0.350764
20,7,0.471047
20,8,0.349894
20,9,0.366582
20,10,0.455826
20,11,0.529254
20,12,0.339578
20,13,0.446189
20,14,0.399191
20,15,0.390308
20,16,0.295763
20,17,0.441733
20,18,0.342167
20,19,0.399787
20,20,0.395619
20,21,0.340668
20,22,0.436838
20,23,0.359151
20,24,0.313594
20,25,0.352246
20,26,0.454159
20,27,0.486082
20,28,0.423410
20,29,0.395483
20,30,0.342756
20,31,0.387144
20,32,0.414038
20,33,0.420736
20,34,0.486810
20,35,0.415696
20,36,0.362684
20,37,0.426099
20,38,0.385726
20,39,0.384403
20,40,0.444706
20,41,0.375429
20,42,0.456684
20,43,0.428125
21,0,0.426727
21,1,0.414641
21,2,0.317227
21,3,0.437850
21,4,0.437581
21,5,0.447119
21,6,0.403104
21,7,0.399563
21,8,0.392264
21,9,0.395144
21,10,0.396569
21,11,0.395416
21,12,0.360593
21,13,0.398222
21,14,0.403639
21,15,0.445016
21,16,0.472607
21,17,0.436617
21,18,0.400876
21,19,0.372199
21,20,0.398839
21,21,0.353042
21,22,0.515465
21,23,0.330994
21,24,0.365455
21,25,0.396230
21,26,0.342674
21,27,0.327623
21,28,0.377017
21,29,0.395531
21,30,0.406600
21,31,0.363871
21,32,0.442380
21,33,0.439486
21,34,0.375530
21,35,0.398121
21,36,0.414776
21,37,0.418598
21,38,0.480731
21,39,0.331043
21,40,0.421144
21,41,0.423921
21,42,0.253853
21,43,0.483535
22,0,0.475814
22,1,0.364377
22,2,0.443337
22,3,0.300451
22,4,0.467919
22,5,0.398472
22,6,0.425697
22,7,0.322776
22,8,0.344225
22,9,0.386595
22,10,0.350798
22,11,0.404715
22,12,0.430004
22,13,0.369665
22,14,0.380852
22,15,0.413276
22,16,0.365666
22,17,0.427880
22,18,0.303413
22,19,0.458565
22,20,0.418309
22,21,0.383879
22,22,0.362213
22,23,0.416648
22,24,0.398058
22,25,0.477049
22,26,0.332010
22,27,0.375903
22,28,0.430736
22,29,0.424732
22,30,0.378457
22,31,0.277238
22,32,0.433838
22,33,0.298769
22,34,0.434455
22,35,0.380641
22,36,0.357858
22,37,0.361738
22,38,0.373537
22,39,0.343855
22,40,0.429588
22,41,0.418122
22,42,0.445111
22,43,0.367857
23,0,0.398314
23,1,0.525526
23,2,0.505922
23,3,0.306604
23,4,0.372679
23,5,0.337560
23,6,0.334357
23,7,0.502276
23,8,0.337004
23,9,0.429629
23,10,0.353500
23,11,0.308967
23,12,0.325576
23,13,0.363503
23,14,0.243591
23,15,0.438666
23,16,0.420857
23,17,0.408854
23,18,0.378326
23,19,0.355207
23,20,0.405850
23,21,0.457143
23,22,0.396393
23,23,0.341332
23,24,0.348961
23,25,0.403482
23,26,0.327681
23,27,0.498683
23,28,0.490007
23,29,0.367369
23,30,0.477926
23,31,0.390004
23,32,0.360994
23,33,0.333587
23,34,0.433324
23,35,0.341181
23,36,0.369428
23,37,0.466533
23,38,0.404595
23,39,0.313960
23,40,0.465971
23,41,0.419719
23,42,0.439657
23,43,0.402464
24,0,0.230513
24,1,0.392403
24,2,0.404541
24,3,0.462269
24,4,0.426351
24,5,0.359683
24,6,0.451779
24,7,0.484018
24,8,0.435502
24,9,0.406367
24,10,0.288117
24,11,0.356537
24,12,0.422394
24,13,0.380801
24,14,0.430202
24,15,0.353606
24,16,0.415601
24,17,0.480699
24,18,0.383735
24,19,0.342971
24,20,0.411671
24,21,0.406353
24,22,0.330472
24,23,0.393195
24,24,0.362873
24,25,0.288458
24,26,0.313223
24,27,0.466488
24,28,0.294796
24,29,0.357924
24,30,0.449576
24,31,0.399711
24,32,0.471460
24,33,0.332187
24,34,0.299501
24,35,0.439212
24,36,0.342455
24,37,0.339059
24,38,0.328299
24,39,0.322635
24,40,0.439935
24,41,0.372021
24,42,0.391405
24,43,0.306912
25,0,0.317167
25,1,0.343313
25,2,0.460612
25,3,0.354399
25,4,0.447366
25,5,0.408050
25,6,0.390356
25,7,0.444733
25,8,0.402253
25,9,0.378696
25,10,0.273904
25,11,0.507104
25,12,0.353631
25,13,0.374686
25,14,0.321750
25,15,0.383012
25,16,0.296649
25,17,0.341478
25,18,0.437793
25,19,0.329027
25,20,0.397113
25,21,0.429491
25,22,0.342514
25,23,0.402568
25,24,0.451586
25,25,0.338967
25,26,0.358798
25,27,0.424642
25,28,0.371221
25,29,0.373522
25,30,0.384747
25,31,0.407137
25,32,0.412526
25,33,0.611066
25,34,0.423282
25,35,0.350284
25,36,0.430084
25,37,0.407204
25,38,0.333008
25,39,0.336202
25,40,0.437955
25,41,0.391857
25,42,0.467102
25,43,0.334330
26,0,0.460661
26,1,0.384051
26,2,0.397295
26,3,0.390462
26,4,0.336029
26,5,0.414028
26,6,0.442598
26,7,0.423251
26,8,0.437059
26,9,0.336671
26,10,0.441179
26,11,0.345645
26,12,0.486732
26,13,0.365254
26,14,0.422111
26,15,0.359676
26,16,0.391077
26,17,0.339638
26,18,0.320594
26,19,0.361187
26,20,0.391003
26,21,0.392014
26,22,0.378131
26,23,0.380561
26,24,0.287684
26,25,0.347230
26,26,0.442173
26,27,0.441121
26,28,0.483479
26,29,0.356341
26,30,0.314830
26,31,0.292151
26,32,0.468304
26,33,0.475246
26,34,0.278184
26,35,0.394942
26,36,0.293231
26,37,0.499930
26,38,0.346433
26,39,0.412799
26,40,0.436694
26,41,0.343189
26,42,0.414374
26,43,0.320857
27,0,0.443512
27,1,0.349750
27,2,0.347117
27,3,0.351728
27,4,0.305146
27,5,0.451160
27,6,0.415220
27,7,0.278520
27,8,0.470988
27,9,0.448184
27,10,0.343429
27,11,0.336233
27,12,0.382479
27,13,0.446721
27,14,0.473569
27,15,0.454111
27,16,0.415613
27,17,0.340666
27,18,0.379061
27,19,0.420883
27,20,0.325471
27,21,0.382087
27,22,0.380827
27,23,0.362323
27,24,0.457846
27,25,0.465990
27,26,0.356361
27,27,0.335899
27,28,0.343812
27,29,0.499905
27,30,0.411466
27,31,0.473306
27,32,0.388975
27,33,0.239456
27,34,0.353899
27,35,0.393579
27,36,0.309848
27,37,0.364632
27,38,0.309396
27,39,0.429227
27,40,0.321952
27,41,0.361740
27,42,0.341242
27,43,0.352348
28,0,0.393376
28,1,0.421594
28,2,0.321339
28,3,0.346377
28,4,0.386801
28,5,0.339524
28,6,0.389090
28,7,0.345863
28,8,0.345038
28,9,0.322256
28,10,0.365578
28,11,0.373810
28,12,0.350439
28,13,0.444164
28,14,0.329721
28,15,0.303219
28,16,0.386605
28,17,0.373538
28,18,0.362605
28,19,0.432276
28,20,0.472662
28,21,0.430038
28,22,0.341266
28,23,0.428553
28,24,0.380678
28,25,0.372064
28,26,0.353039
28,27,0.400010
28,28,0.500218
28,29,0.280222
28,30,0.456117
28,31,0.323397
28,32,0.381208
28,33,0.416308
28,34,0.401781
28,35,0.409855
28,36,0.313828
28,37,0.327757
28,38,0.463277
28,39,0.310219
28,40,0.389305
28,41,0.384127
28,42,0.407638
28,43,0.478309
29,0,0.446775
29,1,0.417978
29,2,0.352549
29,3,0.321814
29,4,0.318435
29,5,0.407738
29,6,0.415977
29,7,0.404272
29,8,0.350087
29,9,0.398427
29,10,0.380038
29,11,0.323892
29,12,0.270816
29,13,0.384850
29,14,0.396587
29,15,0.452172
29,16,0.417739
29,17,0.500994
29,18,0.295452
29,19,0.311888
29,20,0.337668
29,21,0.310909
29,22,0.449264
29,23,0.396914
29,24,0.328269
29,25,0.418064
29,26,0.442084
29,27,0.381469
29,28,0.351752
29,29,0.375419
29,30,0.386401
29,31,0.347595
29,32,0.476085
29,33,0.364136
29,34,0.349368
29,35,0.273258
29,36,0.351296
29,37,0.409218
29,38,0.381272
29,39,0.333918
29,40,0.379489
29,41,0.255373
29,42,0.423769
29,43,0.373125
30,0,0.383733
30,1,0.359396
30,2,0.530141
30,3,0.455001
30,4,0.415047
30,5,0.428052
30,6,0.448069
30,7,0.412264
30,8,0.452480
30,9,0.299253
30,10,0.395848
30,11,0.404273
30,12,0.289217
30,13,0.286588
30,14,0.337650
30,15,0.384153
30,16,0.326732
30,17,0.372910
30,18,0.403828
30,19,0.360061
30,20,0.489296
30,21,0.373378
30,22,0.311837
30,23,0.366153
30,24,0.369226
30,25,0.379419
30,26,0.388954
30,27,0.422006
30,28,0.401003
30,29,0.437746
30,30,0.356702
30,31,0.380967
30,32,0.394836
30,33,0.359191
30,34,0.306455
30,35,0.375467
30,36,0.323513
30,37,0.447343
30,38,0.354177
30,39,0.335150
30,40,0.342493
30,41,0.403435
30,42,0.363801
30,43,0.312259
31,0,0.335705
31,1,0.388999
31,2,0.373187
31,3,0.491913
31,4,0.626666
31,5,0.387956
31,6,0.339670
31,7,0.364307
31,8,0.349591
31,9,0.360479
31,10,0.362608
31,11,0.307263
31,12,0.273271
31,13,0.403199
31,14,0.366616
31,15,0.315264
31,16,0.383713
31,17,0.379519
31,18,0.383351
31,19,0.317453
31,20,0.410289
31,21,0.327345
31,22,0.485256
31,23,0.366805
31,24,0.372674
31,25,0.310262
31,26,0.372855
31,27,0.386955
31,28,0.388993
31,29,0.306825
31,30,0.310690
31,31,0.323767
31,32,0.469704
31,33,0.417871
31,34,0.416670
31,35,0.301167
31,36,0.439524
31,37,0.315904
31,38,0.450569
31,39,0.360329
31,40,0.330255
31,41,0.415114
31,42,0.342403
31,43,0.520429
32,0,0.377428
32,1,0.360478
32,2,0.433398
32,3,0.358566
32,4,0.369345
32,5,0.374072
32,6,0.291160
32,7,0.387549
32,8,0.351201
32,9,0.318519
32,10,0.348811
32,11,0.302665
32,12,0.428737
32,13,0.440306
32,14,0.446779
32,15,0.409399
32,16,0.287594
32,17,0.275416
32,18,0.377705
32,19,0.421534
32,20,0.365369
32,21,0.466927
32,22,0.383415
32,23,0.345884
32,24,0.384713
32,25,0.310561
32,26,0.443929
32,27,0.473127
32,28,0.369464
32,29,0.395415
32,30,0.356624
32,31,0.357975
32,32,0.316202
32,33,0.337546
32,34,0.346369
32,35,0.432604
32,36,0.368349
32,37,0.299864
32,38,0.414620
32,39,0.384361
32,40,0.471970
32,41,0.353262
32,42,0.364485
32,43,0.342534
33,0,0.303235
33,1,0.480738
33,2,0.447182
33,3,0.262567
33,4,0.334986
33,5,0.398865
33,6,0.506635
33,7,0.343059
33,8,0.329526
33,9,0.389886
33,10,0.338368
33,11,0.435657
33,12,0.362000
33,13,0.337953
33,14,0.317597
33,15,0.353252
33,16,0.456664
33,17,0.379754
33,18,0.336417
33,19,0.254006
33,20,0.348151
33,21,0.266740
33,22,0.457131
33,23,0.336165
33,24,0.413009
33,25,0.311116
33,26,0.432868
33,27,0.302186
33,28,0.385771
33,29,0.374462
33,30,0.413010
33,31,0.352218
33,32,0.395973
33,33,0.400363
33,34,0.459039
33,35,0.374617
33,36,0.340609
33,37,0.327261
33,38,0.386516
33,39,0.335467
33,40,0.271859
33,41,0.424832
33,42,0.330819
33,43,0.520397
34,0,0.580431
34,1,0.394692
34,2,0.396190
34,3,0.382221
34,4,0.350012
34,5,0.311070
34,6,0.506926
34,7,0.347875
34,8,0.348008
34,9,0.280990
34,10,0.369370
34,11,0.420169
34,12,0.412586
34,13,0.346147
34,14,0.353069
34,15,0.477027
34,16,0.448995
34,17,0.360017
34,18,0.416027
34,19,0.285133
34,20,0.266344
34,21,0.302145
34,22,0.350265
34,23,0.348813
34,24,0.259218
34,25,0.306287
34,26,0.389744
34,27,0.407526
34,28,0.430044
34,29,0.364494
34,30,0.378246
34,31,0.326478
34,32,0.388481
34,33,0.345463
34,34,0.433751
34,35,0.297456
34,36,0.331636
34,37,0.372928
34,38,0.292092
34,39,0.275454
34,40,0.311215
34,41,0.410339
34,42,0.319193
34,43,0.495764
35,0,0.354254
35,1,0.315238
35,2,0.352067
35,3,0.318313
35,4,0.312659
35,5,0.411151
35,6,0.326175
35,7,0.388677
35,8,0.342546
35,9,0.325056
35,10,0.406906
35,11,0.283124
35,12,0.365733
35,13,0.410549
35,14,0.446745
35,15,0.388160
35,16,0.295164
35,17,0.443030
35,18,0.350579
35,19,0.329322
35,20,0.361784
35,21,0.290623
35,22,0.330322
35,23,0.333368
35,24,0.334571
35,25,0.357308
35,26,0.440275
35,27,0.437227
35,28,0.313076
35,29,0.393734
35,30,0.380847
35,31,0.415139
35,32,0.338072
35,33,0.379125
35,34,0.359751
35,35,0.419340
35,36,0.358725
35,37,0.414905
35,38,0.428142
35,39,0.338903
35,40,0.348121
35,41,0.259502
35,42,0.453330
35,43,0.254833
36,0,0.368162
36,1,0.414727
36,2,0.349023
36,3,0.278356
36,4,0.305710
36,5,0.360535
36,6,0.263325
36,7,0.399729
36,8,0.411557
36,9,0.562486
36,10,0.358666
36,11,0.467831
36,12,0.356711
36,13,0.341418
36,14,0.350760
36,15,0.409949
36,16,0.306772
36,17,0.321829
36,18,0.357184
36,19,0.470663
36,20,0.254565
36,21,0.394081
36,22,0.344598
36,23,0.459040
36,24,0.288939
36,25,0.296376
36,26,0.321163
36,27,0.350997
36,28,0.412680
36,29,0.322180
36,30,0.334124
36,31,0.326759
36,32,0.393235
36,33,0.342333
36,34,0.349336
36,35,0.413046
36,36,0.400284
36,37,0.372327
36,38,0.413319
36,39,0.409798
36,40,0.384402
36,41,0.419700
36,42,0.273257
36,43,0.378990
37,0,0.394996
37,1,0.358373
37,2,0.330256
37,3,0.303958
37,4,0.274075
37,5,0.366700
37,6,0.317992
37,7,0.212386
37,8,0.402743
37,9,0.328369
37,10,0.301905
37,11,0.466587
37,12,0.353992
37,13,0.373903
37,14,0.354307
37,15,0.434751
37,16,0.321902
37,17,0.394495
37,18,0.359098
37,19,0.330845
37,20,0.365318
37,21,0.361038
37,22,0.311987
37,23,0.375581
37,24,0.298944
37,25,0.386840
37,26,0.327501
37,27,0.337564
37,28,0.375409
37,29,0.424142
37,30,0.444575
37,31,0.248512
37,32,0.373795
37,33,0.285982
37,34,0.346135
37,35,0.336548
37,36,0.485311
37,37,0.426693
37,38,0.501678
37,39,0.348167
37,40,0.341883
37,41,0.387400
37,42,0.401670
37,43,0.482575
38,0,0.452060
38,1,0.329961
38,2,0.407304
38,3,0.292522
38,4,0.238406
38,5,0.435722
38,6,0.353370
38,7,0.276641
38,8,0.375735
38,9,0.336070
38,10,0.341047
38,11,0.421810
38,12,0.464109
38,13,0.341898
38,14,0.288535
38,15,0.335324
38,16,0.342146
38,17,0.355878
38,18,0.378607
38,19,0.393656
38,20,0.337609
38,21,0.329507
38,22,0.392293
38,23,0.319765
38,24,0.336171
38,25,0.324661
38,26,0.378522
38,27,0.380860
38,28,0.399910
38,29,0.383501
38,30,0.376644
38,31,0.403034
38,32,0.424892
38,33,0.411657
38,34,0.364434
38,35,0.406886
38,36,0.465604
38,37,0.269221
38,38,0.341992
38,39,0.402195
38,40,0.288755
38,41,0.371197
38,42,0.330951
38,43,0.363491
39,0,0.314007
39,1,0.388516
39,2,0.465374
39,3,0.382271
39,4,0.410648
39,5,0.453541
39,6,0.300560
39,7,0.304708
39,8,0.333481
39,9,0.407082
39,10,0.335938
39,11,0.287728
39,12,0.366371
39,13,0.461352
39,14,0.287103
39,15,0.254019
39,16,0.381226
39,17,0.349454
39,18,0.370171
39,19,0.262804
39,20,0.305039
39,21,0.340427
39,22,0.426152
39,23,0.454693
39,24,0.363685
39,25,0.309749
39,26,0.421602
39,27,0.368285
39,28,0.324018
39,29,0.332614
39,30,0.384190
39,31,0.418112
39,32,0.377343
39,33,0.349258
39,34,0.322299
39,35,0.294716
39,36,0.332748
39,37,0.319005
39,38,0.304843
39,39,0.404199
39,40,0.448560
39,41,0.365463
39,42,0.423377
39,43,0.272247
40,0,0.323378
40,1,0.363971
40,2,0.264392
40,3,0.368000
40,4,0.333843
40,5,0.348887
40,6,0.377474
40,7,0.369931
40,8,0.383416
40,9,0.355836
40,10,0.412712
40,11,0.293654
40,12,0.338664
40,13,0.290223
40,14,0.310309
40,15,0.337676
40,16,0.317694
40,17,0.310610
40,18,0.367323
40,19,0.396088
40,20,0.421611
40,21,0.306113
40,22,0.386922
40,23,0.263764
40,24,0.385856
40,25,0.448995
40,26,0.402518
40,27,0.363738
40,28,0.327557
40,29,0.322534
40,30,0.455387
40,31,0.290210
40,32,0.289907
40,33,0.315302
40,34,0.347689
40,35,0.332127
40,36,0.330843
40,37,0.270320
40,38,0.428153
40,39,0.403564
40,40,0.350522
40,41,0.402069
40,42,0.377131
40,43,0.280730
41,0,0.445790
41,1,0.431061
41,2,0.349688
41,3,0.343918
41,4,0.441086
41,5,0.379980
41,6,0.383569
41,7,0.277095
41,8,0.364903
41,9,0.329761
41,10,0.349902
41,11,0.306934
41,12,0.329140
41,13,0.361586
41,14,0.359381
41,15,0.329893
41,16,0.369041
41,17,0.355168
41,18,0.345137
41,19,0.318464
41,20,0.381755
41,21,0.357469
41,22,0.317895
41,23,0.385091
41,24,0.318239
41,25,0.231434
41,26,0.305259
41,27,0.386775
41,28,0.393548
41,29,0.501841
41,30,0.319337
41,31,0.327363
41,32,0.398858
41,33,0.403424
41,34,0.324087
41,35,0.332761
41,36,0.377425
41,37,0.369467
41,38,0.318216
41,39,0.328275
41,40,0.328996
41,41,0.258080
41,42,0.394937
41,43,0.261811
42,0,0.276200
42,1,0.350083
42,2,0.305328
42,3,0.454521
42,4,0.399993
42,5,0.349301
42,6,0.288320
42,7,0.329983
42,8,0.361223
42,9,0.369259
42,10,0.292400
42,11,0.400436
42,12,0.354315
42,13,0.444140
42,14,0.320701
42,15,0.346085
42,16,0.345548
42,17,0.384108
42,18,0.287983
42,19,0.382186
42,20,0.343948
42,21,0.351875
42,22,0.318964
42,23,0.407319
42,24,0.268115
42,25,0.263119
42,26,0.282435
42,27,0.280816
42,28,0.324038
42,29,0.315017
42,30,0.338527
42,31,0.386629
42,32,0.317829
42,33,0.321482
42,34,0.369048
42,35,0.354327
42,36,0.293599
42,37,0.419173
42,38,0.381946
42,39,0.327943
42,40,0.290271
42,41,0.397547
42,42,0.407412
42,43,0.430860
43,0,0.434920
43,1,0.277347
43,2,0.330816
43,3,0.368850
43,4,0.346527
43,5,0.417328
43,6,0.304143
43,7,0.368752
43,8,0.276608
43,9,0.338431
43,10,0.330576
43,11,0.380202
43,12,0.346108
43,13,0.330239
43,14,0.259303
43,15,0.381984
43,16,0.259452
43,17,0.317261
43,18,0.433365
43,19,0.337409
43,20,0.408707
43,21,0.246342
43,22,0.459194
43,23,0.374049
43,24,0.349160
43,25,0.362950
43,26,0.473917
43,27,0.348820
43,28,0.351926
43,29,0.250934
43,30,0.339569
43,31,0.325877
43,32,0.312167
43,33,0.362960
43,34,0.356519
43,35,0.312494
43,36,0.295151
43,37,0.403625
43,38,0.258774
43,39,0.294673
43,40,0.398518
43,41,0.410380
43,42,0.323172
43,43,0.330620
44,0,0.342678
44,1,0.279807
44,2,0.393614
44,3,0.330736
44,4,0.356505
44,5,0.249969
44,6,0.299375
44,7,0.322898
44,8,0.377772
44,9,0.232168
44,10,0.483801
44,11,0.299985
44,12,0.291904
44,13,0.276282
44,14,0.362898
44,15,0.360058
44,16,0.383255
44,17,0.290516
44,18,0.284274
44,19,0.317975
44,20,0.217412
44,21,0.345151
44,22,0.342868
44,23,0.363472
44,24,0.326158
44,25,0.316863
44,26,0.327968
44,27,0.293861
44,28,0.295186
44,29,0.420042
44,30,0.471834
44,31,0.316930
44,32,0.340362
44,33,0.411689
44,34,0.326221
44,35,0.373323
44,36,0.404183
44,37,0.524768
44,38,0.396418
44,39,0.327702
44,40,0.420154
44,41,0.366321
44,42,0.274578
44,43,0.413956
45,0,0.436237
45,1,0.337980
45,2,0.298676
45,3,0.283646
45,4,0.291205
45,5,0.435571
45,6,0.243054
45,7,0.313773
45,8,0.441878
45,9,0.394757
45,10,0.367648
45,11,0.287336
45,12,0.370742
45,13,0.399850
45,14,0.361718
45,15,0.278996
45,16,0.331193
45,17,0.272815
45,18,0.292722
45,19,0.337214
45,20,0.256087
45,21,0.430658
45,22,0.407052
45,23,0.328561
45,24,0.272287
45,25,0.257520
45,26,0.417787
45,27,0.347503
45,28,0.350660
45,29,0.291521
45,30,0.402657
45,31,0.482142
45,32,0.383395
45,33,0.426672
45,34,0.382419
45,35,0.412556
45,36,0.438607
45,37,0.348462
45,38,0.311921
45,39,0.387510
45,40,0.276639
45,41,0.395549
45,42,0.319903
45,43,0.302285
46,0,0.339478
46,1,0.373223
46,2,0.458656
46,3,0.242445
46,4,0.319672
46,5,0.414179
46,6,0.331076
46,7,0.317039
46,8,0.462538
46,9,0.344177
46,10,0.233614
46,11,0.278350
46,12,0.396125
46,13,0.366578
46,14,0.313224
46,15,0.338752
46,16,0.288869
46,17,0.379769
46,18,0.346871
46,19,0.300074
46,20,0.470243
46,21,0.259374
46,22,0.357693
46,23,0.372265
46,24,0.274404
46,25,0.302848
46,26,0.284052
46,27,0.414343
46,28,0.330477
46,29,0.331971
46,30,0.365849
46,31,0.480516
46,32,0.304756
46,33,0.385878
46,34,0.342111
46,35,0.305276
46,36,0.432884
46,37,0.333550
46,38,0.429629
46,39,0.273597
46,40,0.327642
46,41,0.256906
46,42,0.364399
46,43,0.363327
47,0,0.226154
47,1,0.346344
47,2,0.304977
47,3,0.296172
47,4,0.316215
47,5,0.303459
47,6,0.235490
47,7,0.395304
47,8,0.355506
47,9,0.384782
47,10,0.313005
47,11,0.368997
47,12,0.378063
47,13,0.337208
47,14,0.322923
47,15,0.397701
47,16,0.322540
47,17,0.290127
47,18,0.260510
47,19,0.325146
47,20,0.248522
47,21,0.375976
47,22,0.327914
47,23,0.357304
47,24,0.387612
47,25,0.402782
47,26,0.427388
47,27,0.348952
47,28,0.384047
47,29,0.349569
47,30,0.336147
47,31,0.353927
47,32,0.380692
47,33,0.384933
47,34,0.283554
47,35,0.285497
47,36,0.307319
47,37,0.297778
47,38,0.332068
47,39,0.342094
47,40,0.346060
47,41,0.388224
47,42,0.367669
47,43,0.332231
48,0,0.360815
48,1,0.263104
48,2,0.340208
48,3,0.271245
48,4,0.351129
48,5,0.289236
48,6,0.354951
48,7,0.352306
48,8,0.362454
48,9,0.422684
48,10,0.267074
48,11,0.273637
48,12,0.291242
48,13,0.343708
48,14,0.417410
48,15,0.398593
48,16,0.256304
48,17,0.319475
48,18,0.426434
48,19,0.375431
48,20,0.413752
48,21,0.313658
48,22,0.288726
48,23,0.392183
48,24,0.292426
48,25,0.194062
48,26,0.283058
48,27,0.400770
48,28,0.338183
48,29,0.288341
48,30,0.231422
48,31,0.399438
48,32,0.398900
48,33,0.229644
48,34,0.303100
48,35,0.494872
48,36,0.290487
48,37,0.364582
48,38,0.318420
48,39,0.324627
48,40,0.367427
48,41,0.322049
48,42,0.326255
48,43,0.292417
49,0,0.360206
49,1,0.362717
49,2,0.447703
49,3,0.295572
49,4,0.233135
49,5,0.293103
49,6,0.249630
49,7,0.251878
49,8,0.294293
49,9,0.294324
49,10,0.260345
49,11,0.300702
49,12,0.302068
49,13,0.347265
49,14,0.385601
49,15,0.437612
49,16,0.490704
49,17,0.418435
49,18,0.355575
49,19,0.254237
49,20,0.249731
49,21,0.345193
49,22,0.367744
49,23,0.227886
49,24,0.299622
49,25,0.336321
49,26,0.382025
49,27,0.290864
49,28,0.374907
49,29,0.330092
49,30,0.296682
49,31,0.435706
49,32,0.374398
49,33,0.336651
49,34,0.360018
49,35,0.392804
49,36,0.424292
49,37,0.418247
49,38,0.358442
49,39,0.255926
49,40,0.355427
49,41,0.392247
49,42,0.330399
49,43,0.316788
50,0,0.307533
50,1,0.283094
50,2,0.334105
50,3,0.281571
50,4,0.413450
50,5,0.275408
50,6,0.311125
50,7,0.329950
50,8,0.327404
50,9,0.287105
50,10,0.217942
50,11,0.362340
50,12,0.424662
50,13,0.299788
50,14,0.317050
50,15,0.388930
50,16,0.272753
50,17,0.359776
50,18,0.296887
50,19,0.254620
50,20,0.372474
50,21,0.366107
50,22,0.284559
50,23,0.315243
50,24,0.352891
50,25,0.423363
50,26,0.358176
50,27,0.330914
50,28,0.267139
50,29,0.277515
50,30,0.318954
50,31,0.353471
50,32,0.401758
50,33,0.350232
50,34,0.326407
50,35,0.376729
50,36,0.328873
50,37,0.284023
50,38,0.360607
50,39,0.392391
50,40,0.374488
50,41,0.350930
50,42,0.293082
50,43,0.243470
51,0,0.279310
51,1,0.304617
51,2,0.302314
51,3,0.363320
51,4,0.317396
51,5,0.300187
51,6,0.301865
51,7,0.299619
51,8,0.263375
51,9,0.294682
51,10,0.302236
51,11,0.233460
51,12,0.266298
51,13,0.336487
51,14,0.244826
51,15,0.261837
51,16,0.244936
51,17,0.368480
51,18,0.426679
51,19,0.249950
51,20,0.377553
51,21,0.287815
51,22,0.443458
51,23,0.324936
51,24,0.323259
51,25,0.423278
51,26,0.386198
51,27,0.332050
51,28,0.351729
51,29,0.304550
51,30,0.375633
51,31,0.275129
51,32,0.328560
51,33,0.299712
51,34,0.273701
51,35,0.313187
51,36,0.364833
51,37,0.329674
51,38,0.381703
51,39,0.349856
51,40,0.284121
51,41,0.385434
51,42,0.454791
51,43,0.325568
52,0,0.348305
52,1,0.358669
52,2,0.278257
52,3,0.386708
52,4,0.310814
52,5,0.290452
52,6,0.239179
52,7,0.409720
52,8,0.247495
52,9,0.243623
52,10,0.275188
52,11,0.306635
52,12,0.494029
52,13,0.316989
52,14,0.318022
52,15,0.289177
52,16,0.389648
52,17,0.324188
52,18,0.343440
52,19,0.266331
52,20,0.282805
52,21,0.380398
52,22,0.290429
52,23,0.222568
52,24,0.426526
52,25,0.227556
52,26,0.296922
52,27,0.388484
52,28,0.302195
52,29,0.387964
52,30,0.257153
52,31,0.297232
52,32,0.417032
52,33,0.352997
52,34,0.308697
52,35,0.274969
52,36,0.402821
52,37,0.322822
52,38,0.323956
52,39,0.305762
52,40,0.288388
52,41,0.420525
52,42,0.306921
52,43,0.389242
53,0,0.322883
53,1,0.264971
53,2,0.248334
53,3,0.305067
53,4,0.402620
53,5,0.366163
53,6,0.272689
53,7,0.381291
53,8,0.259324
53,9,0.355197
53,10,0.274918
53,11,0.184150
53,12,0.277077
53,13,0.306134
53,14,0.248333
53,15,0.385785
53,16,0.313824
53,17,0.265903
53,18,0.394691
53,19,0.326247
53,20,0.238444
53,21,0.294975
53,22,0.248523
53,23,0.403775
53,24,0.337707
53,25,0.435222
53,26,0.297291
53,27,0.367592
53,28,0.316935
53,29,0.420722
53,30,0.361532
53,31,0.331668
53,32,0.246459
53,33,0.360980
53,34,0.313582
53,35,0.300343
53,36,0.292628
53,37,0.405484
53,38,0.292947
53,39,0.405329
53,40,0.274052
53,41,0.342015
53,42,0.293085
53,43,0.372689
54,0,0.375344
54,1,0.280403
54,2,0.401476
54,3,0.262184
54,4,0.277972
54,5,0.303826
54,6,0.354114
54,7,0.283476
54,8,0.321563
54,9,0.208514
54,10,0.331340
54,11,0.257343
54,12,0.323237
54,13,0.322314
54,14,0.265013
54,15,0.289101
54,16,0.353444
54,17,0.336783
54,18,0.295174
54,19,0.359016
54,20,0.337031
54,21,0.362163
54,22,0.391070
54,23,0.342787
54,24,0.404248
54,25,0.292094
54,26,0.259871
54,27,0.374087
54,28,0.293377
54,29,0.431125
54,30,0.363081
54,31,0.367041
54,32,0.338222
54,33,0.259974
54,34,0.390167
54,35,0.231015
54,36,0.298072
54,37,0.290213
54,38,0.354641
54,39,0.362716
54,40,0.346598
54,41,0.330382
54,42,0.393883
54,43,0.269485
55,0,0.240314
55,1,0.397024
55,2,0.288559
55,3,0.341994
55,4,0.429820
55,5,0.294673
55,6,0.280504
55,7,0.303072
55,8,0.343877
55,9,0.241618
55,10,0.413105
55,11,0.363619
55,12,0.284657
55,13,0.272495
55,14,0.296222
55,15,0.335186
55,16,0.296044
55,17,0.311764
55,18,0.390378
55,19,0.304844
55,20,0.330010
55,21,0.219735
55,22,0.299491
55,23,0.228361
55,24,0.499704
55,25,0.346494
55,26,0.199903
55,27,0.342449
55,28,0.309043
55,29,0.323700
55,30,0.301064
55,31,0.338180
55,32,0.264556
55,33,0.301632
55,34,0.332575
55,35,0.302117
55,36,0.287397
55,37,0.232575
55,38,0.311683
55,39,0.312170
55,40,0.269467
55,41,0.259684
55,42,0.361210
55,43,0.367210
56,0,0.277120
56,1,0.311626
56,2,0.416618
56,3,0.292489
56,4,0.278397
56,5,0.373028
56,6,0.249209
56,7,0.330710
56,8,0.315045
56,9,0.360363
56,10,0.289804
56,11,0.444895
56,12,0.294704
56,13,0.254431
56,14,0.255967
56,15,0.349060
56,16,0.267394
56,17,0.340217
56,18,0.341330
56,19,0.269957
56,20,0.248089
56,21,0.372522
56,22,0.251419
56,23,0.286379
56,24,0.383225
56,25,0.452005
56,26,0.232925
56,27,0.295206
56,28,0.407201
56,29,0.286977
56,30,0.328745
56,31,0.344525
56,32,0.349387
56,33,0.211341
56,34,0.299433
56,35,0.283656
56,36,0.183683
56,37,0.323924
56,38,0.235435
56,39,0.392240
56,40,0.290610
56,41,0.284866
56,42,0.291331
56,43,0.322489
57,0,0.331676
57,1,0.303874
57,2,0.254874
57,3,0.347157
57,4,0.256878
57,5,0.284246
57,6,0.247103
57,7,0.274636
57,8,0.235669
57,9,0.314917
57,10,0.289605
57,11,0.266263
57,12,0.315062
57,13,0.337836
57,14,0.257072
57,15,0.251687
57,16,0.248914
57,17,0.310093
57,18,0.383851
57,19,0.233929
57,20,0.315830
57,21,0.341148
57,22,0.216812
57,23,0.264813
57,24,0.347632
57,25,0.321142
57,26,0.319297
57,27,0.388673
57,28,0.313667
57,29,0.360368
57,30,0.293159
57,31,0.302068
57,32,0.380582
57,33,0.284533
57,34,0.393574
57,35,0.269748
57,36,0.309503
57,37,0.352219
57,38,0.267443
57,39,0.245290
57,40,0.411079
57,41,0.292493
57,42,0.318891
57,43,0.265661
58,0,0.169721
58,1,0.297162
58,2,0.364472
58,3,0.265260
58,4,0.362370
58,5,0.261123
58,6,0.315502
58,7,0.235803
58,8,0.381247
58,9,0.285041
58,10,0.251361
58,11,0.276454
58,12,0.377121
58,13,0.415061
58,14,0.245882
58,15,0.369026
58,16,0.257536
58,17,0.277345
58,18,0.330673
58,19,0.361952
58,20,0.289920
58,21,0.338956
58,22,0.234516
58,23,0.312873
58,24,0.237692
58,25,0.257812
58,26,0.371085
58,27,0.454087
58,28,0.238757
58,29,0.267443
58,30,0.325446
58,31,0.261375
58,32,0.297213
58,33,0.331911
58,34,0.347473
58,35,0.279846
58,36,0.350417
58,37,0.271386
58,38,0.272422
58,39,0.289580
58,40,0.242769
58,41,0.213694
58,42,0.367947
58,43,0.313433
59,0,0.337831
59,1,0.301284
59,2,0.184209
59,3,0.370195
59,4,0.423550
59,5,0.398943
59,6,0.263239
59,7,0.278482
59,8,0.323434
59,9,0.201614
59,10,0.326677
59,11,0.332243
59,12,0.379865
59,13,0.293436
59,14,0.251870
59,15,0.257048
59,16,0.355459
59,17,0.358677
59,18,0.215884
59,19,0.281987
59,20,0.206690
59,21,0.255634
59,22,0.370749
59,23,0.286926
59,24,0.251041
59,25,0.312718
59,26,0.278482
59,27,0.312141
59,28,0.263800
59,29,0.308442
59,30,0.305995
59,31,0.342264
59,32,0.374438
59,33,0.283159
59,34,0.256709
59,35,0.335563
59,36,0.352969
59,37,0.387562
59,38,0.224705
59,39,0.480534
59,40,0.187167
59,41,0.335120
59,42,0.294544
59,43,0.412263
60,0,0.325806
60,1,0.229053
60,2,0.304361
60,3,0.358358
60,4,0.267211
60,5,0.360534
60,6,0.311686
60,7,0.324444
60,8,0.286472
60,9,0.251301
60,10,0.307002
60,11,0.303574
60,12,0.247772
60,13,0.341544
60,14,0.189075
60,15,0.321339
60,16,0.321467
60,17,0.341027
60,18,0.337502
60,19,0.269615
60,20,0.319556
60,21,0.347612
60,22,0.324829
60,23,0.237078
60,24,0.314667
60,25,0.308965
60,26,0.334687
60,27,0.282379
60,28,0.275351
60,29,0.229018
60,30,0.268615
60,31,0.315390
60,32,0.252268
60,33,0.234267
60,34,0.287657
60,35,0.265699
60,36,0.258990
60,37,0.439984
60,38,0.425082
60,39,0.413240
60,40,0.405669
60,41,0.333121
60,42,0.294415
60,43,0.300910
61,0,0.304459
61,1,0.285915
61,2,0.249700
61,3,0.400750
61,4,0.297864
61,5,0.265765
61,6,0.329430
61,7,0.428935
61,8,0.300463
61,9,0.242586
61,10,0.248954
61,11,0.315570
61,12,0.271123
61,13,0.367600
61,14,0.257542
61,15,0.379991
61,16,0.298366
61,17,0.289727
61,18,0.311015
61,19,0.305150
61,20,0.320186
61,21,0.304781
61,22,0.286889
61,23,0.374149
61,24,0.214287
61,25,0.304263
61,26,0.244822
61,27,0.359833
61,28,0.376151
61,29,0.296538
61,30,0.251052
61,31,0.258958
61,32,0.263087
61,33,0.301957
61,34,0.301007
61,35,0.279794
61,36,0.383624
61,37,0.335295
61,38,0.295471
61,39,0.242957
61,40,0.311809
61,41,0.376567
61,42,0.334800
61,43,0.279353
62,0,0.307789
62,1,0.330724
62,2,0.275999
62,3,0.311854
62,4,0.276707
62,5,0.389300
62,6,0.317621
62,7,0.298793
62,8,0.275607
62,9,0.316625
62,10,0.303269
62,11,0.304189
62,12,0.283732
62,13,0.261098
62,14,0.274240
62,15,0.251807
62,16,0.322018
62,17,0.269511
62,18,0.351304
62,19,0.231856
62,20,0.270402
62,21,0.200427
62,22,0.324045
62,23,0.263989
62,24,0.352838
62,25,0.319977
62,26,0.264297
62,27,0.263643
62,28,0.258974
62,29,0.422068
62,30,0.353375
62,31,0.160984
62,32,0.353439
62,33,0.261235
62,34,0.318036
62,35,0.359510
62,36,0.427002
62,37,0.250696
62,38,0.304437
62,39,0.255144
62,40,0.242650
62,41,0.462206
62,42,0.232965
62,43,0.223322
63,0,0.282745
63,1,0.225702
63,2,0.355099
63,3,0.301360
63,4,0.292022
63,5,0.224203
63,6,0.189815
63,7,0.313309
63,8,0.275489
63,9,0.255660
63,10,0.226921
63,11,0.243815
63,12,0.317801
63,13,0.309108
63,14,0.427928
63,15,0.352933
63,16,0.316086
63,17,0.348031
63,18,0.319676
63,19,0.252117
63,20,0.233420
63,21,0.268472
63,22,0.368080
63,23,0.289473
63,24,0.214010
63,25,0.383379
63,26,0.405672
63,27,0.314189
63,28,0.382698
63,29,0.343544
63,30,0.370484
63,31,0.244470
63,32,0.272099
63,33,0.342702
63,34,0.270586
63,35,0.284540
63,36,0.199543
63,37,0.240057
63,38,0.372333
63,39,0.325887
63,40,0.276036
63,41,0.328885
63,42,0.390376
63,43,0.321722
64,0,0.245400
64,1,0.285790
64,2,0.365053
64,3,0.375462
64,4,0.329652
64,5,0.234135
64,6,0.244701
64,7,0.232986
64,8,0.300606
64,9,0.273190
64,10,0.307251
64,11,0.267973
64,12,0.263261
64,13,0.344539
64,14,0.327662
64,15,0.377998
64,16,0.244003
64,17,0.212633
64,18,0.287360
64,19,0.164364
64,20,0.278579
64,21,0.363697
64,22,0.353136
64,23,0.236435
64,24,0.441344
64,25,0.458137
64,26,0.304727
64,27,0.312684
64,28,0.266278
64,29,0.218233
64,30,0.373559
64,31,0.269323
64,32,0.352803
64,33,0.339472
64,34,0.293398
64,35,0.224192
64,36,0.247407
64,37,0.298786
64,38,0.358071
64,39,0.348164
64,40,0.256020
64,41,0.449935
64,42,0.374571
64,43,0.214815
65,0,0.303775
65,1,0.393316
65,2,0.281632
65,3,0.309872
65,4,0.284006
65,5,0.215249
65,6,0.199550
65,7,0.318491
65,8,0.344517
65,9,0.356641
65,10,0.289860
65,11,0.247050
65,12,0.198782
65,13,0.305661
65,14,0.211858
65,15,0.272697
65,16,0.284874
65,17,0.380492
65,18,0.163451
65,19,0.261813
65,20,0.288286
65,21,0.239662
65,22,0.280068
65,23,0.345894
65,24,0.336478
65,25,0.316564
65,26,0.326542
65,27,0.273723
65,28,0.246827
65,29,0.352658
65,30,0.352645
65,31,0.315839
65,32,0.270444
65,33,0.327748
65,34,0.222645
65,35,0.294326
65,36,0.369295
65,37,0.273328
65,38,0.346688
65,39,0.362668
65,40,0.266166
65,41,0.278318
65,42,0.259419
65,43,0.289813
66,0,0.262754
66,1,0.257577
66,2,0.300753
66,3,0.389199
66,4,0.401583
66,5,0.326453
66,6,0.246136
66,7,0.324306
66,8,0.242000
66,9,0.359394
66,10,0.296757
66,11,0.316295
66,12,0.267973
66,13,0.290698
66,14,0.299379
66,15,0.341514
66,16,0.339350
66,17,0.246577
66,18,0.210733
66,19,0.227010
66,20,0.323612
66,21,0.211332
66,22,0.353501
66,23,0.215674
66,24,0.258856
66,25,0.418689
66,26,0.309245
66,27,0.289101
66,28,0.325711
66,29,0.232089
66,30,0.277909
66,31,0.276297
66,32,0.212406
66,33,0.278760
66,34,0.241828
66,35,0.268825
66,36,0.311020
66,37,0.272907
66,38,0.207794
66,39,0.256198
66,40,0.251857
66,41,0.363732
66,42,0.301787
66,43,0.383271
67,0,0.270123
67,1,0.220173
67,2,0.258010
67,3,0.315977
67,4,0.284073
67,5,0.234804
67,6,0.217020
67,7,0.270352
67,8,0.223623
67,9,0.279618
67,10,0.350877
67,11,0.294197
67,12,0.283450
67,13,0.178402
67,14,0.341439
67,15,0.257719
67,16,0.165609
67,17,0.290592
67,18,0.250513
67,19,0.311509
67,20,0.291852
67,21,0.295234
67,22,0.349068
67,23,0.485491
67,24,0.264138
67,25,0.330295
67,26,0.312240
67,27,0.350707
67,28,0.268332
67,29,0.257748
67,30,0.247753
67,31,0.274840
67,32,0.205131
67,33,0.386875
67,34,0.368494
67,35,0.349542
67,36,0.395404
67,37,0.288584
67,38,0.293319
67,39,0.305809
67,40,0.327604
67,41,0.253813
67,42,0.344670
67,43,0.386141
68,0,0.265589
68,1,0.358850
68,2,0.205467
68,3,0.272179
68,4,0.407900
68,5,0.262782
68,6,0.258632
68,7,0.290191
68,8,0.247967
68,9,0.345980
68,10,0.328953
68,11,0.287776
68,12,0.336890
68,13,0.252504
68,14,0.260476
68,15,0.255367
68,16,0.363624
68,17,0.296582
68,18,0.356350
68,19,0.246709
68,20,0.248625
68,21,0.253630
68,22,0.290181
68,23,0.273257
68,24,0.326924
68,25,0.282326
68,26,0.328860
68,27,0.354667
68,28,0.296296
68,29,0.224555
68,30,0.249804
68,31,0.226627
68,32,0.308263
68,33,0.214204
68,34,0.274888
68,35,0.245874
68,36,0.269052
68,37,0.256084
68,38,0.301554
68,39,0.240191
68,40,0.344815
68,41,0.265029
68,42,0.362430
68,43,0.323598
69,0,0.309954
69,1,0.216983
69,2,0.240326
69,3,0.342544
69,4,0.279000
69,5,0.281329
69,6,0.301787
69,7,0.322427
69,8,0.245367
69,9,0.240070
69,10,0.238954
69,11,0.307008
69,12,0.293508
69,13,0.266651
69,14,0.457026
69,15,0.295162
69,16,0.272168
69,17,0.306842
69,18,0.288860
69,19,0.322764
69,20,0.325777
69,21,0.266313
69,22,0.292794
69,23,0.282290
69,24,0.310762
69,25,0.299013
69,26,0.434752
69,27,0.331844
69,28,0.333898
69,29,0.331937
69,30,0.211176
69,31,0.231472
69,32,0.271565
69,33,0.231517
69,34,0.296855
69,35,0.290751
69,36,0.316540
69,37,0.258084
69,38,0.288478
69,39,0.287249
69,40,0.337227
69,41,0.318628
69,42,0.350726
69,43,0.366999
70,0,0.283813
70,1,0.255431
70,2,0.280428
70,3,0.379794
70,4,0.313431
70,5,0.300642
70,6,0.307302
70,7,0.328693
70,8,0.263217
70,9,0.257062
70,10,0.246620
70,11,0.272051
70,12,0.248996
70,13,0.272438
70,14,0.398818
70,15,0.262475
70,16,0.330799
70,17,0.231789
70,18,0.258033
70,19,0.341352
70,20,0.237245
70,21,0.252081
70,22,0.280806
70,23,0.237211
70,24,0.319995
70,25,0.245533
70,26,0.213189
70,27,0.371471
70,28,0.271966
70,29,0.264233
70,30,0.204323
70,31,0.316629
70,32,0.360281
70,33,0.341571
70,34,0.197930
70,35,0.274868
70,36,0.337840
70,37,0.325216
70,38,0.369624
70,39,0.273437
70,40,0.256413
70,41,0.254319
70,42,0.329540
70,43,0.295016
71,0,0.225996
71,1,0.242238
71,2,0.384947
71,3,0.283811
71,4,0.341062
71,5,0.234965
71,6,0.277121
71,7,0.367737
71,8,0.197891
71,9,0.341406
71,10,0.288987
71,11,0.256537
71,12,0.263165
71,13,0.263685
71,14,0.196973
71,15,0.272132
71,16,0.302789
71,17,0.293530
71,18,0.273139
71,19,0.359611
71,20,0.272618
71,21,0.310557
71,22,0.294004
71,23,0.336354
71,24,0.231946
71,25,0.279490
71,26,0.199389
71,27,0.244068
71,28,0.372028
71,29,0.319557
71,30,0.275505
71,31,0.343041
71,32,0.200949
71,33,0.237190
71,34,0.330905
71,35,0.274388
71,36,0.290448
71,37,0.294502
71,38,0.294039
71,39,0.248799
71,40,0.340486
71,41,0.209514
71,42,0.296182
71,43,0.374983
72,0,0.281543
72,1,0.296365
72,2,0.307403
72,3,0.261569
72,4,0.349719
72,5,0.256778
72,6,0.232284
72,7,0.353181
72,8,0.318574
72,9,0.260434
72,10,0.236970
72,11,0.212435
72,12,0.255200
72,13,0.308853
72,14,0.202629
72,15,0.291197
72,16,0.360351
72,17,0.202070
72,18,0.207226
72,19,0.278076
72,20,0.260736
72,21,0.227410
72,22,0.343285
72,23,0.305121
72,24,0.276176
72,25,0.288586
72,26,0.317500
72,27,0.275278
72,28,0.321981
72,29,0.297724
72,30,0.343026
72,31,0.336535
72,32,0.359497
72,33,0.230758
72,34,0.275203
72,35,0.255522
72,36,0.376954
72,37,0.241398
72,38,0.268890
72,39,0.273870
72,40,0.234593
72,41,0.240523
72,42,0.310721
72,43,0.282271
73,0,0.317330
73,1,0.269361
73,2,0.211423
73,3,0.303949
73,4,0.293263
73,5,0.262402
73,6,0.205815
73,7,0.175138
73,8,0.292635
73,9,0.283122
73,10,0.211124
73,11,0.251211
73,12,0.258380
73,13,0.376419
73,14,0.244444
73,15,0.299013
73,16,0.258742
73,17,0.159154
73,18,0.233915
73,19,0.342133
73,20,0.319725
73,21,0.257380
73,22,0.330343
73,23,0.298305
73,24,0.170928
73,25,0.277978
73,26,0.235036
73,27,0.348511
73,28,0.352549
73,29,0.188448
73,30,0.247824
73,31,0.316848
73,32,0.365950
73,33,0.270085
73,34,0.167809
73,35,0.310961
73,36,0.370648
73,37,0.303527
73,38,0.244386
73,39,0.253908
73,40,0.269950
73,41,0.213657
73,42,0.422852
73,43,0.363259
74,0,0.247859
74,1,0.306034
74,2,0.131698
74,3,0.260208
74,4,0.253354
74,5,0.264223
74,6,0.281620
74,7,0.265518
74,8,0.224909
74,9,0.179467
74,10,0.333376
74,11,0.395520
74,12,0.298032
74,13,0.389156
74,14,0.278579
74,15,0.345650
74,16,0.224032
74,17,0.283969
74,18,0.237706
74,19,0.252833
74,20,0.318521
74,21,0.258158
74,22,0.228779
74,23,0.285310
74,24,0.359708
74,25,0.260327
74,26,0.231354
74,27,0.328352
74,28,0.194917
74,29,0.359655
74,30,0.277205
74,31,0.242970
74,32,0.319033
74,33,0.296484
74,34,0.303754
74,35,0.190232
74,36,0.298903
74,37,0.322409
74,38,0.223419
74,39,0.268360
74,40,0.299902
74,41,0.274441
74,42,0.279192
74,43,0.312931
75,0,0.377413
75,1,0.248784
75,2,0.284212
75,3,0.214292
75,4,0.237106
75,5,0.236574
75,6,0.300945
75,7,0.321509
75,8,0.243657
75,9,0.261015
75,10,0.321738
75,11,0.219900
75,12,0.174734
75,13,0.231042
75,14,0.303135
75,15,0.215880
75,16,0.318265
75,17,0.254970
75,18,0.284300
75,19,0.274242
75,20,0.317387
75,21,0.236884
75,22,0.281753
75,23,0.275241
75,24,0.296736
75,25,0.288149
75,26,0.425435
75,27,0.321890
75,28,0.287125
75,29,0.293020
75,30,0.282351
75,31,0.294820
75,32,0.224767
75,33,0.250131
75,34,0.331365
75,35,0.210468
75,36,0.345546
75,37,0.222274
75,38,0.296777
75,39,0.249555
75,40,0.254359
75,41,0.273978
75,42,0.289567
75,43,0.255195
76,0,0.252592
76,1,0.336684
76,2,0.266972
76,3,0.275902
76,4,0.253137
76,5,0.215145
76,6,0.313826
76,7,0.332188
76,8,0.315978
76,9,0.223817
76,10,0.260215
76,11,0.307350
76,12,0.302073
76,13,0.302655
76,14,0.319402
76,15,0.229633
76,16,0.291948
76,17,0.255134
76,18,0.207595
76,19,0.313737
76,20,0.312034
76,21,0.313049
76,22,0.136220
76,23,0.257654
76,24,0.216714
76,25,0.257053
76,26,0.251034
76,27,0.298352
76,28,0.281779
76,29,0.376522
76,30,0.279329
76,31,0.296862
76,32,0.218956
76,33,0.256032
76,34,0.301019
76,35,0.212293
76,36,0.233668
76,37,0.365001
76,38,0.389740
76,39,0.200236
76,40,0.280641
76,41,0.305466
76,42,0.266708
76,43,0.340366
77,0,0.244995
77,1,0.265644
77,2,0.213706
77,3,0.273778
77,4,0.266110
77,5,0.261198
77,6,0.253738
77,7,0.274543
77,8,0.389349
77,9,0.315622
77,10,0.202445
77,11,0.293481
77,12,0.319369
77,13,0.294721
77,14,0.273581
77,15,0.276899
77,16,0.319878
77,17,0.218450
77,18,0.314473
77,19,0.237259
77,20,0.189264
77,21,0.286915
77,22,0.233554
77,23,0.319099
77,24,0.218231
77,25,0.227376
77,26,0.171043
77,27,0.267984
77,28,0.285738
77,29,0.215389
77,30,0.369477
77,31,0.345495
77,32,0.368744
77,33,0.209500
77,34,0.303129
77,35,0.272647
77,36,0.203641
77,37,0.304610
77,38,0.160083
77,39,0.304753
77,40,0.275433
77,41,0.296325
77,42,0.200701
77,43,0.215431
78,0,0.242278
78,1,0.293746
78,2,0.219093
78,3,0.230533
78,4,0.197261
78,5,0.306093
78,6,0.230272
78,7,0.233911
78,8,0.278188
78,9,0.351499
78,10,0.282757
78,11,0.280318
78,12,0.317234
78,13,0.282101
78,14,0.280756
78,15,0.254189
78,16,0.274860
78,17,0.310505
78,18,0.337022
78,19,0.282135
78,20,0.211496
78,21,0.183330
78,22,0.399758
78,23,0.292727
78,24,0.185417
78,25,0.184152
78,26,0.316070
78,27,0.236691
78,28,0.253894
78,29,0.336059
78,30,0.259071
78,31,0.281521
78,32,0.304030
78,33,0.244701
78,34,0.183209
78,35,0.306927
78,36,0.323950
78,37,0.298198
78,38,0.232545
78,39,0.239280
78,40,0.202537
78,41,0.196898
78,42,0.318793
78,43,0.231657
79,0,0.216468
79,1,0.388487
79,2,0.244412
79,3,0.224976
79,4,0.308745
79,5,0.289447
79,6,0.216323
79,7,0.191477
79,8,0.284059
79,9,0.254173
79,10,0.340343
79,11,0.235132
79,12,0.327790
79,13,0.316803
79,14,0.242992
79,15,0.227471
79,16,0.322211
79,17,0.217369
79,18,0.220090
79,19,0.265500
79,20,0.160426
79,21,0.277374
79,22,0.259463
79,23,0.261581
79,24,0.264752
79,25,0.297410
79,26,0.328908
79,27,0.229525
79,28,0.311907
79,29,0.298213
79,30,0.238190
79,31,0.208304
79,32,0.260595
79,33,0.259853
79,34,0.301106
79,35,0.271430
79,36,0.196728
79,37,0.279732
79,38,0.240213
79,39,0.180318
79,40,0.207341
79,41,0.305616
79,42,0.241438
79,43,0.221298
80,0,0.182516
80,1,0.273501
80,2,0.281063
80,3,0.207080
80,4,0.174642
80,5,0.418692
80,6,0.272049
80,7,0.239855
80,8,0.173732
80,9,0.258487
80,10,0.295552
80,11,0.374847
80,12,0.380734
80,13,0.205869
80,14,0.256266
80,15,0.312086
80,16,0.244027
80,17,0.219655
80,18,0.252984
80,19,0.278540
80,20,0.325455
80,21,0.208832
80,22,0.239290
80,23,0.166374
80,24,0.189072
80,25,0.302620
80,26,0.219190
80,27,0.228081
80,28,0.350181
80,29,0.181652
80,30,0.252733
80,31,0.228726
80,32,0.305095
80,33,0.192359
80,34,0.331013
80,35,0.203528
80,36,0.326585
80,37,0.324241
80,38,0.246839
80,39,0.177276
80,40,0.258299
80,41,0.225339
80,42,0.310932
80,43,0.152160
81,0,0.220270
81,1,0.319362
81,2,0.318223
81,3,0.237140
81,4,0.281449
81,5,0.158754
81,6,0.278229
81,7,0.207379
81,8,0.299532
81,9,0.227640
81,10,0.291871
81,11,0.270333
81,12,0.177942
81,13,0.192794
81,14,0.228573
81,15,0.254282
81,16,0.323161
81,17,0.179852
81,18,0.270435
81,19,0.202038
81,20,0.261698
81,21,0.314789
81,22,0.284542
81,23,0.213660
81,24,0.330305
81,25,0.245140
81,26,0.211632
81,27,0.312769
81,28,0.271243
81,29,0.398040
81,30,0.273375
81,31,0.325726
81,32,0.312793
81,33,0.220485
81,34,0.323857
81,35,0.284958
81,36,0.273085
81,37,0.208057
81,38,0.313648
81,39,0.199457
81,40,0.222373
81,41,0.287028
81,42,0.331712
81,43,0.282943
82,0,0.187919
82,1,0.248637
82,2,0.340274
82,3,0.308838
82,4,0.297803
82,5,0.245450
82,6,0.245202
82,7,0.213825
82,8,0.280796
82,9,0.337919
82,10,0.256512
82,11,0.250838
82,12,0.212610
82,13,0.285538
82,14,0.242151
82,15,0.252329
82,16,0.233098
82,17,0.325872
82,18,0.308163
82,19,0.298910
82,20,0.237233
82,21,0.275628
82,22,0.266895
82,23,0.263745
82,24,0.264068
82,25,0.256641
82,26,0.209701
82,27,0.252024
82,28,0.309603
82,29,0.196749
82,30,0.242051
82,31,0.337896
82,32,0.217108
82,33,0.206025
82,34,0.250870
82,35,0.217689
82,36,0.331705
82,37,0.174915
82,38,0.243702
82,39,0.231200
82,40,0.258448
82,41,0.237372
82,42,0.350918
82,43,0.233778
83,0,0.313400
83,1,0.226706
83,2,0.281064
83,3,0.254034
83,4,0.252068
83,5,0.306060
83,6,0.213030
83,7,0.195220
83,8,0.319140
83,9,0.249645
83,10,0.314085
83,11,0.305633
83,12,0.232787
83,13,0.275795
83,14,0.325606
83,15,0.279668
83,16,0.198544
83,17,0.188622
83,18,0.197059
83,19,0.271835
83,20,0.197521
83,21,0.221234
83,22,0.326950
83,23,0.231608
83,24,0.294945
83,25,0.346464
83,26,0.228210
83,27,0.144754
83,28,0.300431
83,29,0.344392
83,30,0.246678
83,31,0.209052
83,32,0.374108
83,33,0.205155
83,34,0.173361
83,35,0.343420
83,36,0.200128
83,37,0.293485
83,38,0.257149
83,39,0.201523
83,40,0.266972
83,41,0.197499
83,42,0.242633
83,43,0.336518
84,0,0.225757
84,1,0.292893
84,2,0.166818
84,3,0.264375
84,4,0.242986
84,5,0.213127
84,6,0.243352
84,7,0.228119
84,8,0.304199
84,9,0.258236
84,10,0.184813
84,11,0.209406
84,12,0.240251
84,13,0.316752
84,14,0.351349
84,15,0.264913
84,16,0.364893
84,17,0.294757
84,18,0.224269
84,19,0.166130
84,20,0.354181
84,21,0.201780
84,22,0.399132
84,23,0.269268
84,24,0.308117
84,25,0.193327
84,26,0.236767
84,27,0.185236
84,28,0.206650
84,29,0.310034
84,30,0.258161
84,31,0.252580
84,32,0.304172
84,33,0.272608
84,34,0.222472
84,35,0.207620
84,36,0.343023
84,37,0.220981
84,38,0.273947
84,39,0.215467
84,40,0.212332
84,41,0.246897
84,42,0.231471
84,43,0.238515
85,0,0.273802
85,1,0.342852
85,2,0.274299
85,3,0.301068
85,4,0.247983
85,5,0.214015
85,6,0.228837
85,7,0.243007
85,8,0.183679
85,9,0.298640
85,10,0.210639
85,11,0.320966
85,12,0.185225
85,13,0.257936
85,14,0.303137
85,15,0.333344
85,16,0.176504
85,17,0.242529
85,18,0.288973
85,19,0.138198
85,20,0.180164
85,21,0.265437
85,22,0.257061
85,23,0.330289
85,24,0.341698
85,25,0.201916
85,26,0.187503
85,27,0.221738
85,28,0.191206
85,29,0.211926
85,30,0.272449
85,31,0.240895
85,32,0.283513
85,33,0.183114
85,34,0.214717
85,35,0.235610
85,36,0.253102
85,37,0.198705
85,38,0.281232
85,39,0.244237
85,40,0.153932
85,41,0.294143
85,42,0.303878
85,43,0.222452
86,0,0.233535
86,1,0.175394
86,2,0.261539
86,3,0.225350
86,4,0.294018
86,5,0.288461
86,6,0.247202
86,7,0.227456
86,8,0.213162
86,9,0.319582
86,10,0.287906
86,11,0.192327
86,12,0.183003
86,13,0.313179
86,14,0.311807
86,15,0.303345
86,16,0.207308
86,17,0.212319
86,18,0.169120
86,19,0.207246
86,20,0.272821
86,21,0.163683
86,22,0.265348
86,23,0.290181
86,24,0.379741
86,25,0.163370
86,26,0.304735
86,27,0.336451
86,28,0.261269
86,29,0.241124
86,30,0.244293
86,31,0.176251
86,32,0.253399
86,33,0.286085
86,34,0.196204
86,35,0.278779
86,36,0.273406
86,37,0.161855
86,38,0.229797
86,39,0.262436
86,40,0.230751
86,41,0.220970
86,42,0.336440
86,43,0.167054
87,0,0.208621
87,1,0.184376
87,2,0.255949
87,3,0.215589
87,4,0.306514
87,5,0.269159
87,6,0.267539
87,7,0.197662
87,8,0.212954
87,9,0.239371
87,10,0.335928
87,11,0.246781
87,12,0.269239
87,13,0.286697
87,14,0.272057
87,15,0.269826
87,16,0.350203
87,17,0.272678
87,18,0.188065
87,19,0.274090
87,20,0.224348
87,21,0.242797
87,22,0.184570
87,23,0.325318
87,24,0.217411
87,25,0.192032
87,26,0.356148
87,27,0.318846
87,28,0.208888
87,29,0.292102
87,30,0.230132
87,31,0.196037
87,32,0.247089
87,33,0.240988
87,34,0.169348
87,35,0.177211
87,36,0.189927
87,37,0.387111
87,38,0.229939
87,39,0.295892
87,40,0.218096
87,41,0.200884
87,42,0.246323
87,43,0.175332
88,0,0.403798
88,1,0.204011
88,2,0.228858
88,3,0.299947
88,4,0.254875
88,5,0.328255
88,6,0.214277
88,7,0.211429
88,8,0.165529
88,9,0.162828
88,10,0.216651
88,11,0.248310
88,12,0.200323
88,13,0.208076
88,14,0.212116
88,15,0.240997
88,16,0.178446
88,17,0.180832
88,18,0.319308
88,19,0.207870
88,20,0.180172
88,21,0.217778
88,22,0.250360
88,23,0.240852
88,24,0.321722
88,25,0.347920
88,26,0.223519
88,27,0.259157
88,28,0.214475
88,29,0.225193
88,30,0.229949
88,31,0.322837
88,32,0.283373
88,33,0.217649
88,34,0.220063
88,35,0.297939
88,36,0.326061
88,37,0.228176
88,38,0.223481
88,39,0.249835
88,40,0.309379
88,41,0.334971
88,42,0.222257
88,43,0.227890
89,0,0.242271
89,1,0.241396
89,2,0.215571
89,3,0.267966
89,4,0.338940
89,5,0.348969
89,6,0.202950
89,7,0.261119
89,8,0.282112
89,9,0.197642
89,10,0.255527
89,11,0.232338
89,12,0.230763
89,13,0.250500
89,14,0.182332
89,15,0.247699
89,16,0.248889
89,17,0.198548
89,18,0.305929
89,19,0.273137
89,20,0.236077
89,21,0.200424
89,22,0.374286
89,23,0.273380
89,24,0.296484
89,25,0.220913
89,26,0.279698
89,27,0.214177
89,28,0.283218
89,29,0.234070
89,30,0.311554
89,31,0.176748
89,32,0.280832
89,33,0.284526
89,34,0.173289
89,35,0.188053
89,36,0.379159
89,37,0.229038
89,38,0.258820
89,39,0.210325
89,40,0.242285
89,41,0.250517
89,42,0.255727
89,43,0.131451
90,0,0.306404
90,1,0.301374
90,2,0.175542
90,3,0.181256
90,4,0.143768
90,5,0.198841
90,6,0.253460
90,7,0.237145
90,8,0.247899
90,9,0.236681
90,10,0.222039
90,11,0.234283
90,12,0.307495
90,13,0.262023
90,14,0.236468
90,15,0.220546
90,16,0.310405
90,17,0.249817
90,18,0.366934
90,19,0.272952
90,20,0.269468
90,21,0.351757
90,22,0.312575
90,23,0.190356
90,24,0.217282
90,25,0.234462
90,26,0.232038
90,27,0.286220
90,28,0.241780
90,29,0.313982
90,30,0.164151
90,31,0.252998
90,32,0.194105
90,33,0.176182
90,34,0.257364
90,35,0.288692
90,36,0.317013
90,37,0.219330
90,38,0.181858
90,39,0.305734
90,40,0.209698
90,41,0.181109
90,42,0.183429
90,43,0.327268
91,0,0.200733
91,1,0.271645
91,2,0.276761
91,3,0.206313
91,4,0.217749
91,5,0.225068
91,6,0.166121
91,7,0.248734
91,8,0.264596
91,9,0.219652
91,10,0.303723
91,11,0.237154
91,12,0.174669
91,13,0.222826
91,14,0.310448
91,15,0.317322
91,16,0.233154
91,17,0.237533
91,18,0.252607
91,19,0.226576
91,20,0.206202
91,21,0.141055
91,22,0.287539
91,23,0.209344
91,24,0.246050
91,25,0.265119
91,26,0.276945
91,27,0.198803
91,28,0.263164
91,29,0.222520
91,30,0.246432
91,31,0.290920
91,32,0.186949
91,33,0.256023
91,34,0.231909
91,35,0.217455
91,36,0.220435
91,37,0.263843
91,38,0.133411
91,39,0.220245
91,40,0.170744
91,41,0.206663
91,42,0.279455
91,43,0.162614
92,0,0.146684
92,1,0.285975
92,2,0.286584
92,3,0.235834
92,4,0.200083
92,5,0.296077
92,6,0.262130
92,7,0.285041
92,8,0.204358
92,9,0.211675
92,10,0.198641
92,11,0.225774
92,12,0.185243
92,13,0.333259
92,14,0.208105
92,15,0.206522
92,16,0.202103
92,17,0.283882
92,18,0.222482
92,19,0.230233
92,20,0.250500
92,21,0.250212
92,22,0.204613
92,23,0.220612
92,24,0.307434
92,25,0.214928
92,26,0.205100
92,27,0.203783
92,28,0.306616
92,29,0.180661
92,30,0.223986
92,31,0.215831
92,32,0.221504
92,33,0.180605
92,34,0.203662
92,35,0.214401
92,36,0.261201
92,37,0.247853
92,38,0.282807
92,39,0.230228
92,40,0.283952
92,41,0.356429
92,42,0.203886
92,43,0.239399
93,0,0.161745
93,1,0.209553
93,2,0.150448
93,3,0.247247
93,4,0.252197
93,5,0.224224
93,6,0.262358
93,7,0.167683
93,8,0.167356
93,9,0.211075
93,10,0.329897
93,11,0.233361
93,12,0.264111
93,13,0.215503
93,14,0.241794
93,15,0.249899
93,16,0.290051
93,17,0.251805
93,18,0.215544
93,19,0.196767
93,20,0.212295
93,21,0.177532
93,22,0.222025
93,23,0.346337
93,24,0.181000
93,25,0.195939
93,26,0.200806
93,27,0.226637
93,28,0.166434
93,29,0.209033
93,30,0.191150
93,31,0.226418
93,32,0.223002
93,33,0.201631
93,34,0.272625
93,35,0.247733
93,36,0.366118
93,37,0.332214
93,38,0.316886
93,39,0.222107
93,40,0.220249
93,41,0.177043
93,42,0.203756
93,43,0.307321
94,0,0.301038
94,1,0.205762
94,2,0.203975
94,3,0.125903
94,4,0.214913
94,5,0.276533
94,6,0.237755
94,7,0.191739
94,8,0.311875
94,9,0.214701
94,10,0.209344
94,11,0.212712
94,12,0.255003
94,13,0.248108
94,14,0.313510
94,15,0.239700
94,16,0.177612
94,17,0.245943
94,18,0.198935
94,19,0.223307
94,20,0.171178
94,21,0.311195
94,22,0.293767
94,23,0.344637
94,24,0.265467
94,25,0.196171
94,26,0.166572
94,27,0.265294
94,28,0.209424
94,29,0.286680
94,30,0.224580
94,31,0.207954
94,32,0.267343
94,33,0.174684
94,34,0.181604
94,35,0.289182
94,36,0.192805
94,37,0.211558
94,38,0.240948
94,39,0.214890
94,40,0.137822
94,41,0.143969
94,42,0.262773
94,43,0.173287
95,0,0.200498
95,1,0.198901
95,2,0.236691
95,3,0.205472
95,4,0.301523
95,5,0.236366
95,6,0.251757
95,7,0.250114
95,8,0.284526
95,9,0.146154
95,10,0.194163
95,11,0.168227
95,12,0.172175
95,13,0.234222
95,14,0.199448
95,15,0.236154
95,16,0.205382
95,17,0.184482
95,18,0.256988
95,19,0.184337
95,20,0.249337
95,21,0.209940
95,22,0.197327
95,23,0.259892
95,24,0.248306
95,25,0.198957
95,26,0.149507
95,27,0.173687
95,28,0.170883
95,29,0.348557
95,30,0.198083
95,31,0.262250
95,32,0.259873
95,33,0.242932
95,34,0.300954
95,35,0.307590
95,36,0.261648
95,37,0.202003
95,38,0.269408
95,39,0.175746
95,40,0.227673
95,41,0.214000
95,42,0.248635
95,43,0.165173
96,0,0.278489
96,1,0.250291
96,2,0.179725
96,3,0.218657
96,4,0.254092
96,5,0.257115
96,6,0.261522
96,7,0.317437
96,8,0.197329
96,9,0.253509
96,10,0.174225
96,11,0.238423
96,12,0.217862
96,13,0.190881
96,14,0.221314
96,15,0.212525
96,16,0.190502
96,17,0.127737
96,18,0.198456
96,19,0.294158
96,20,0.201410
96,21,0.184717
96,22,0.250239
96,23,0.222653
96,24,0.201143
96,25,0.240368
96,26,0.263287
96,27,0.257610
96,28,0.239358
96,29,0.229821
96,30,0.258588
96,31,0.237846
96,32,0.173978
96,33,0.235633
96,34,0.282684
96,35,0.176005
96,36,0.189483
96,37,0.231296
96,38,0.183127
96,39,0.234378
96,40,0.254230
96,41,0.340462
96,42,0.255119
96,43,0.270701
97,0,0.306021
97,1,0.147525
97,2,0.157963
97,3,0.205074
97,4,0.162876
97,5,0.176866
97,6,0.171236
97,7,0.198715
97,8,0.221168
97,9,0.339572
97,10,0.236657
97,11,0.289517
97,12,0.173998
97,13,0.180308
97,14,0.217714
97,15,0.246892
97,16,0.245008
97,17,0.123851
97,18,0.209951
97,19,0.230033
97,20,0.219026
97,21,0.186697
97,22,0.209661
97,23,0.157345
97,24,0.189622
97,25,0.228185
97,26,0.226471
97,27,0.270504
97,28,0.341812
97,29,0.154039
97,30,0.178967
97,31,0.316925
97,32,0.195927
97,33,0.182539
97,34,0.244195
97,35,0.205322
97,36,0.199722
97,37,0.235775
97,38,0.280927
97,39,0.225718
97,40,0.176516
97,41,0.255736
97,42,0.195489
97,43,0.194086
98,0,0.244049
98,1,0.267044
98,2,0.164729
98,3,0.195504
98,4,0.254051
98,5,0.291357
98,6,0.190425
98,7,0.226922
98,8,0.153020
98,9,0.296760
98,10,0.211231
98,11,0.353888
98,12,0.240786
98,13,0.249132
98,14,0.204716
98,15,0.187371
98,16,0.211548
98,17,0.190793
98,18,0.203970
98,19,0.216641
98,20,0.187255
98,21,0.169157
98,22,0.187510
98,23,0.196107
98,24,0.238126
98,25,0.163813
98,26,0.170954
98,27,0.247260
98,28,0.329119
98,29,0.253482
98,30,0.185408
98,31,0.243563
98,32,0.207518
98,33,0.157126
98,34,0.356443
98,35,0.255013
98,36,0.204558
98,37,0.144753
98,38,0.282259
98,39,0.179252
98,40,0.254258
98,41,0.197002
98,42,0.210148
98,43,0.157275
99,0,0.223736
99,1,0.198469
99,2,0.208730
99,3,0.186396
99,4,0.220798
99,5,0.115791
99,6,0.208871
99,7,0.293982
99,8,0.201158
99,9,0.160328
99,10,0.235592
99,11,0.180104
99,12,0.148875
99,13,0.268909
99,14,0.175284
99,15,0.233604
99,16,0.222625
99,17,0.210456
99,18,0.300334
99,19,0.205764
99,20,0.263701
99,21,0.208539
99,22,0.146450
99,23,0.179520
99,24,0.197788
99,25,0.260893
99,26,0.190145
99,27,0.188413
99,28,0.268326
99,29,0.207491
99,30,0.254273
99,31,0.201411
99,32,0.184685
99,33,0.292117
99,34,0.210582
99,35,0.246872
99,36,0.179231
99,37,0.318990
99,38,0.143007
99,39,0.210924
99,40,0.194861
99,41,0.208153
99,42,0.274410
99,43,0.339877
100,0,0.221808
100,1,0.228006
100,2,0.262818
100,3,0.276132
100,4,0.228264
100,5,0.224577
100,6,0.243057
100,7,0.243628
100,8,0.179444
100,9,0.158119
100,10,0.207352
100,11,0.192484
100,12,0.173856
100,13,0.129244
100,14,0.274354
100,15,0.218338
100,16,0.184246
100,17,0.207791
100,18,0.219686
100,19,0.210445
100,20,0.257926
100,21,0.224237
100,22,0.292254
100,23,0.247531
100,24,0.232685
100,25,0.246111
100,26,0.152021
100,27,0.267696
100,28,0.261990
100,29,0.186590
100,30,0.226142
100,31,0.226219
100,32,0.266125
100,33,0.152637
100,34,0.273143
100,35,0.237665
100,36,0.195981
100,37,0.254937
100,38,0.275121
100,39,0.276054
100,40,0.196359
100,41,0.250309
100,42,0.214150
100,43,0.163101
101,0,0.168028
101,1,0.225603
101,2,0.197099
101,3,0.172994
101,4,0.196283
101,5,0.215255
101,6,0.194435
101,7,0.206728
101,8,0.304793
101,9,0.189995
101,10,0.230760
101,11,0.190106
101,12,0.149512
101,13,0.230600
101,14,0.312803
101,15,0.196595
101,16,0.135005
101,17,0.221665
101,18,0.217456
101,19,0.227520
101,20,0.267750
101,21,0.180555
101,22,0.237534
101,23,0.221466
101,24,0.193621
101,25,0.255472
101,26,0.243752
101,27,0.317026
101,28,0.188986
101,29,0.202734
101,30,0.253945
101,31,0.176417
101,32,0.146398
101,33,0.154571
101,34,0.151624
101,35,0.185797
101,36,0.293435
101,37,0.253299
101,38,0.231838
101,39,0.246207
101,40,0.202157
101,41,0.174624
101,42,0.177475
101,43,0.212698
102,0,0.233166
102,1,0.282348
102,2,0.235295
102,3,0.186690
102,4,0.200528
102,5,0.224180
102,6,0.253967
102,7,0.161807
102,8,0.145195
102,9,0.255707
102,10,0.227555
102,11,0.208766
102,12,0.213516
102,13,0.197733
102,14,0.215500
102,15,0.243274
102,16,0.180336
102,17,0.208553
102,18,0.337117
102,19,0.195426
102,20,0.138996
102,21,0.179090
102,22,0.183441
102,23,0.225497
102,24,0.219884
102,25,0.217197
102,26,0.216533
102,27,0.197400
102,28,0.206612
102,29,0.174764
102,30,0.336409
102,31,0.226691
102,32,0.177867
102,33,0.163449
102,34,0.231777
102,35,0.217333
102,36,0.150505
102,37,0.207412
102,38,0.185632
102,39,0.171154
102,40,0.144263
102,41,0.242379
102,42,0.354406
102,43,0.179824
103,0,0.255972
103,1,0.162734
103,2,0.230678
103,3,0.179388
103,4,0.174451
103,5,0.226106
103,6,0.220871
103,7,0.202328
103,8,0.217567
103,9,0.255949
103,10,0.164414
103,11,0.183403
103,12,0.207971
103,13,0.268787
103,14,0.357647
103,15,0.295100
103,16,0.168361
103,17,0.183056
103,18,0.179373
103,19,0.180352
103,20,0.166171
103,21,0.233416
103,22,0.255615
103,23,0.193880
103,24,0.212270
103,25,0.265951
103,26,0.151109
103,27,0.215490
103,28,0.168886
103,29,0.216750
103,30,0.170730
103,31,0.237838
103,32,0.172874
103,33,0.278627
103,34,0.223395
103,35,0.226251
103,36,0.136282
103,37,0.148209
103,38,0.144416
103,39,0.256540
103,40,0.185558
103,41,0.174970
103,42,0.219477
103,43,0.171252
104,0,0.256685
104,1,0.247164
104,2,0.236658
104,3,0.202404
104,4,0.230466
104,5,0.197132
104,6,0.245544
104,7,0.258929
104,8,0.193919
104,9,0.232875
104,10,0.197504
104,11,0.197918
104,12,0.182821
104,13,0.270032
104,14,0.245463
104,15,0.208358
104,16,0.287812
104,17,0.197514
104,18,0.161907
104,19,0.164750
104,20,0.245613
104,21,0.203753
104,22,0.210855
104,23,0.195675
104,24,0.260298
104,25,0.213791
104,26,0.162626
104,27,0.227827
104,28,0.189188
104,29,0.241260
104,30,0.267909
104,31,0.128352
104,32,0.221425
104,33,0.229098
104,34,0.186384
104,35,0.215107
104,36,0.197843
104,37,0.149717
104,38,0.181216
104,39,0.136692
104,40,0.164926
104,41,0.234240
104,42,0.187561
104,43,0.232960
105,0,0.158141
105,1,0.213364
105,2,0.270088
105,3,0.236417
105,4,0.231327
105,5,0.187571
105,6,0.210386
105,7,0.274374
105,8,0.176116
105,9,0.167289
105,10,0.199307
105,11,0.190673
105,12,0.204904
105,13,0.244901
105,14,0.168775
105,15,0.213046
105,16,0.207487
105,17,0.269731
105,18,0.192053
105,19,0.147355
105,20,0.150838
105,21,0.159726
105,22,0.221083
105,23,0.216576
105,24,0.230782
105,25,0.224751
105,26,0.330710
105,27,0.191087
105,28,0.145623
105,29,0.179350
105,30,0.261591
105,31,0.234162
105,32,0.187236
105,33,0.272566
105,34,0.145621
105,35,0.261801
105,36,0.249597
105,37,0.296011
105,38,0.225195
105,39,0.155226
105,40,0.237631
105,41,0.314146
105,42,0.280411
105,43,0.288642
106,0,0.218218
106,1,0.226808
106,2,0.122622
106,3,0.185599
106,4,0.163333
106,5,0.135192
106,6,0.227650
106,7,0.383157
106,8,0.228621
106,9,0.262359
106,10,0.276308
106,11,0.211872
106,12,0.146204
106,13,0.201473
106,14,0.218633
106,15,0.185325
106,16,0.238323
106,17,0.188003
106,18,0.142087
106,19,0.165805
106,20,0.196147
106,21,0.243661
106,22,0.211288
106,23,0.207550
106,24,0.236226
106,25,0.191653
106,26,0.218953
106,27,0.316611
106,28,0.212402
106,29,0.180819
106,30,0.239535
106,31,0.217665
106,32,0.228743
106,33,0.166271
106,34,0.185054
106,35,0.197384
106,36,0.113267
106,37,0.212840
106,38,0.254990
106,39,0.216839
106,40,0.200861
106,41,0.272029
106,42,0.184861
106,43,0.175813
107,0,0.179423
107,1,0.212225
107,2,0.235105
107,3,0.204656
107,4,0.198853
107,5,0.156818
107,6,0.260591
107,7,0.235990
107,8,0.221590
107,9,0.257297
107,10,0.209141
107,11,0.164735
107,12,0.149818
107,13,0.145503
107,14,0.232996
107,15,0.155963
107,16,0.218382
107,17,0.226254
107,18,0.211717
107,19,0.242307
107,20,0.255441
107,21,0.252251
107,22,0.181445
107,23,0.194872
107,24,0.202123
107,25,0.182915
107,26,0.203082
107,27,0.197372
107,28,0.175820
107,29,0.249185
107,30,0.165387
107,31,0.259857
107,32,0.224276
107,33,0.198456
107,34,0.245190
107,35,0.215709
107,36,0.231467
107,37,0.174905
107,38,0.281044
107,39,0.183769
107,40,0.232487
107,41,0.192168
107,42,0.180823
107,43,0.247951
108,0,0.177928
108,1,0.219659
108,2,0.223067
108,3,0.210844
108,4,0.198503
108,5,0.170921
108,6,0.150667
108,7,0.183298
108,8,0.132716
108,9,0.155532
108,10,0.242723
108,11,0.178827
108,12,0.248859
108,13,0.223243
108,14,0.167593
108,15,0.192748
108,16,0.155490
108,17,0.236282
108,18,0.220754
108,19,0.171906
108,20,0.168273
108,21,0.247847
108,22,0.164335
108,23,0.209851
108,24,0.220330
108,25,0.147278
108,26,0.232159
108,27,0.207995
108,28,0.151547
108,29,0.261783
108,30,0.131121
108,31,0.293727
108,32,0.233644
108,33,0.332874
108,34,0.253746
108,35,0.239315
108,36,0.254350
108,37,0.173911
108,38,0.219106
108,39,0.223263
108,40,0.262086
108,41,0.281601
108,42,0.284924
108,43,0.220697
109,0,0.159921
109,1,0.155081
109,2,0.227183
109,3,0.138961
109,4,0.158011
109,5,0.281162
109,6,0.175751
109,7,0.163051
109,8,0.255147
109,9,0.202581
109,10,0.201832
109,11,0.153504
109,12,0.157460
109,13,0.196122
109,14,0.279852
109,15,0.290224
109,16,0.171851
109,17,0.138695
109,18,0.259826
109,19,0.213425
109,20,0.235223
109,21,0.279921
109,22,0.204936
109,23,0.118096
109,24,0.167167
109,25,0.154411
109,26,0.235740
109,27,0.262900
109,28,0.234399
109,29,0.175681
109,30,0.201033
109,31,0.301129
109,32,0.224066
109,33,0.160308
109,34,0.205678
109,35,0.174066
109,36,0.269650
109,37,0.225057
109,38,0.127764
109,39,0.326918
109,40,0.207915
109,41,0.162024
109,42,0.198152
109,43,0.204015
110,0,0.251452
110,1,0.119548
110,2,0.340537
110,3,0.116050
110,4,0.232454
110,5,0.205046
110,6,0.298541
110,7,0.187956
110,8,0.244290
110,9,0.163890
110,10,0.163624
110,11,0.221449
110,12,0.132233
110,13,0.170214
110,14,0.287731
110,15,0.198077
110,16,0.147618
110,17,0.163889
110,18,0.263500
110,19,0.134656
110,20,0.147856
110,21,0.194935
110,22,0.138473
110,23,0.212479
110,24,0.232199
110,25,0.376127
110,26,0.183172
110,27,0.206010
110,28,0.273755
110,29,0.205087
110,30,0.237207
110,31,0.170494
110,32,0.263165
110,33,0.250179
110,34,0.231324
110,35,0.194460
110,36,0.194303
110,37,0.216134
110,38,0.184409
110,39,0.193863
110,40,0.129867
110,41,0.147717
110,42,0.196093
110,43,0.178413
111,0,0.196758
111,1,0.139128
111,2,0.205613
111,3,0.168547
111,4,0.188762
111,5,0.169125
111,6,0.185595
111,7,0.215430
111,8,0.178737
111,9,0.184179
111,10,0.228997
111,11,0.277442
111,12,0.156639
111,13,0.266495
111,14,0.203223
111,15,0.245486
111,16,0.161644
111,17,0.183772
111,18,0.172265
111,19,0.165089
111,20,0.175071
111,21,0.257260
111,22,0.165138
111,23,0.111885
111,24,0.188895
111,25,0.208484
111,26,0.221297
111,27,0.240845
111,28,0.206581
111,29,0.182206
111,30,0.212136
111,31,0.247220
111,32,0.204944
111,33,0.246904
111,34,0.190440
111,35,0.291790
111,36,0.287484
111,37,0.175296
111,38,0.210422
111,39,0.221727
111,40,0.164147
111,41,0.232472
111,42,0.240090
111,43,0.137686
112,0,0.226025
112,1,0.158420
112,2,0.198670
112,3,0.159496
112,4,0.203872
112,5,0.192805
112,6,0.177654
112,7,0.171327
112,8,0.171406
112,9,0.150318
112,10,0.146394
112,11,0.224571
112,12,0.189345
112,13,0.170362
112,14,0.172644
112,15,0.190868
112,16,0.252847
112,17,0.273243
112,18,0.237323
112,19,0.230241
112,20,0.162936
112,21,0.285526
112,22,0.155693
112,23,0.247467
112,24,0.224288
112,25,0.149070
112,26,0.134979
112,27,0.197661
112,28,0.157316
112,29,0.221876
112,30,0.136779
112,31,0.210503
112,32,0.270824
112,33,0.272379
112,34,0.232502
112,35,0.174836
112,36,0.336764
112,37,0.149415
112,38,0.214740
112,39,0.255844
112,40,0.159952
112,41,0.246815
112,42,0.237601
112,43,0.110304
113,0,0.227537
113,1,0.151943
113,2,0.172904
113,3,0.138928
113,4,0.240079
113,5,0.186392
113,6,0.176366
113,7,0.219176
113,8,0.171039
113,9,0.261864
113,10,0.203804
113,11,0.190619
113,12,0.165789
113,13,0.207460
113,14,0.298946
113,15,0.293250
113,16,0.177251
113,17,0.201688
113,18,0.179466
113,19,0.247534
113,20,0.211390
113,21,0.188686
113,22,0.177973
113,23,0.112432
113,24,0.206051
113,25,0.156389
113,26,0.218425
113,27,0.230195
113,28,0.231974
113,29,0.191990
113,30,0.216388
113,31,0.141451
113,32,0.184893
113,33,0.243828
113,34,0.269476
113,35,0.197762
113,36,0.131162
113,37,0.258166
113,38,0.172800
113,39,0.133024
113,40,0.150542
113,41,0.213363
113,42,0.259051
113,43,0.173368
