model_file,avg_loss,avg_dice,avg_iou,avg_pixel_acc
1,0.67921787,0.3443,0.2131,0.2058
2,0.67907674,0.3456,0.2131,0.2058
3,0.67468645,0.3464,0.2131,0.2058
4,0.678037887,0.3443,0.2131,0.2058
5,0.675353284,0.3455,0.2131,0.2058
6,0.673383178,0.3463,0.2131,0.2058
7,0.674064456,0.3453,0.2131,0.2058
8,0.672909844,0.3457,0.2131,0.2058
9,0.672559083,0.3451,0.2133,0.2066
10,0.670382821,0.3458,0.2133,0.2064
11,0.669232033,0.3455,0.2131,0.2058
12,0.66364921,0.3454,0.2133,0.2068
13,0.668207334,0.3477,0.2136,0.2692
14,0.66302563,0.3449,0.2133,0.2075
15,0.663716556,0.3449,0.2133,0.2071
16,0.659896189,0.3458,0.2134,0.2069
17,0.662387421,0.3437,0.213,0.2106
18,0.663390756,0.345,0.2133,0.2077
19,0.670234063,0.3443,0.2133,0.2072
20,0.66137551,0.3463,0.2139,0.2093
21,0.662308726,0.3472,0.2145,0.2136
22,0.662168169,0.3468,0.2144,0.2155
23,0.661648656,0.3468,0.2141,0.2113
24,0.66135519,0.3516,0.219,0.2347
25,0.658991485,0.35,0.2164,0.2215
26,0.656352674,0.3475,0.2158,0.2188
27,0.657949901,0.346,0.2134,0.2142
28,0.656698053,0.3475,0.2143,0.2229
29,0.659388523,0.3567,0.2222,0.2751
30,0.656302886,0.3476,0.2154,0.2171
31,0.653442551,0.3506,0.2175,0.2278
32,0.655633608,0.3514,0.2177,0.2269
33,0.656301221,0.3503,0.217,0.2235
34,0.656948957,0.3646,0.2273,0.2773
35,0.65283587,0.3472,0.215,0.2144
36,0.650403855,0.3502,0.2162,0.2206
37,0.660647207,0.3579,0.2239,0.2559
38,0.651609663,0.3678,0.2308,0.2824
39,0.649622597,0.3587,0.2229,0.2492
40,0.655029392,0.3615,0.2247,0.2582
41,0.649250616,0.3535,0.2208,0.2393
42,0.656683114,0.3548,0.2202,0.2479
43,0.653002704,0.3538,0.2187,0.2316
44,0.65633939,0.3672,0.2332,0.2957
45,0.648260853,0.371,0.2329,0.2928
46,0.650120024,0.364,0.2277,0.2705
47,0.648293881,0.3655,0.2296,0.277
48,0.650061594,0.3759,0.2391,0.3155
49,0.648954143,0.3599,0.2241,0.2585
50,0.647914577,0.3652,0.2293,0.2814
51,0.652872428,0.3686,0.2328,0.291
52,0.653649693,0.3801,0.2399,0.3236
53,0.648892381,0.3993,0.2581,0.3992
54,0.652004932,0.3649,0.2291,0.273
55,0.64877508,0.4345,0.2838,0.4736
56,0.650812537,0.4681,0.3136,0.5564
57,0.648231822,0.38,0.2392,0.3209
58,0.647838258,0.4026,0.2587,0.3942
59,0.646007905,0.4522,0.3012,0.5135
60,0.647127827,0.4491,0.2989,0.5054
61,0.648331302,0.5526,0.3906,0.6828
62,0.647958247,0.3798,0.2419,0.3253
63,0.648512016,0.4885,0.3295,0.5743
64,0.646029996,0.5893,0.4297,0.7323
65,0.645642281,0.4901,0.3346,0.5844
66,0.648848402,0.4843,0.3269,0.5733
67,0.646728401,0.4607,0.3081,0.5432
68,0.648898159,0.6385,0.478,0.7898
69,0.648627599,0.3948,0.2513,0.3678
70,0.647678063,0.4686,0.3129,0.5536
71,0.646181222,0.6014,0.4378,0.7414
72,0.646280982,0.4613,0.3061,0.5354
73,0.646107579,0.5403,0.3815,0.674
74,0.645263045,0.5168,0.3578,0.6348
75,0.646304859,0.4587,0.3068,0.5322
76,0.647560376,0.5736,0.411,0.7187
77,0.645955042,0.4296,0.2793,0.4553
78,0.651143916,0.42,0.2753,0.4282
79,0.645159569,0.46,0.3084,0.5094
80,0.644473465,0.5822,0.4204,0.7244
81,0.644948167,0.6146,0.4512,0.7601
82,0.649698423,0.506,0.348,0.6087
83,0.647409081,0.6686,0.5073,0.8089
84,0.64462667,0.4015,0.2593,0.3944
85,0.648234066,0.5939,0.4302,0.736
86,0.645993493,0.5815,0.4202,0.7316
87,0.648042281,0.6366,0.4768,0.7896
88,0.646266504,0.5964,0.4366,0.7535
89,0.645133858,0.5256,0.3675,0.6474
90,0.646271279,0.6371,0.4759,0.7934
91,0.648008496,0.5659,0.4056,0.6932
92,0.647826058,0.4787,0.3237,0.5593
93,0.649610441,0.4263,0.2802,0.4539
94,0.646176998,0.4536,0.3025,0.5091
95,0.645800461,0.6813,0.5261,0.8279
96,0.645054238,0.618,0.4577,0.7689
97,0.644964684,0.6973,0.5424,0.8373
98,0.646200735,0.6617,0.5025,0.8067
99,0.645773054,0.7011,0.547,0.8377
100,0.645463662,0.6345,0.4734,0.7893
101,0.6450155,0.6588,0.5014,0.8042
102,0.644420206,0.5874,0.4237,0.7313
103,0.644062173,0.6676,0.5115,0.808
104,0.645136891,0.6689,0.5093,0.8115
105,0.644274734,0.723,0.5732,0.8574
106,0.64383223,0.7135,0.5626,0.8498
107,0.644883417,0.6699,0.5122,0.8173
108,0.644827194,0.7166,0.5661,0.8511
109,0.645072366,0.6573,0.5,0.8026
110,0.64595953,0.6432,0.4808,0.7855
111,0.648514768,0.6043,0.4449,0.7579
112,0.645130753,0.6157,0.4518,0.7581
113,0.648409114,0.5413,0.3806,0.6683
114,0.643979705,0.6721,0.5132,0.8161
115,0.644869977,0.792,0.6615,0.9014
116,0.647942056,0.739,0.5938,0.8704
117,0.644686792,0.7257,0.5761,0.8589
118,0.6451382,0.6566,0.498,0.8069
119,0.64440458,0.7221,0.5739,0.8561
120,0.6462078,0.7009,0.5482,0.8524
121,0.643546694,0.73,0.5824,0.8584
122,0.644006179,0.7271,0.5793,0.8596
123,0.644368095,0.7347,0.5875,0.8636
124,0.645999708,0.6677,0.5082,0.811
125,0.645014489,0.7732,0.6356,0.8898
126,0.644619202,0.6287,0.4673,0.7762
127,0.644789977,0.7133,0.5621,0.8473
128,0.645727456,0.6367,0.4749,0.7853
129,0.644966534,0.734,0.5879,0.865
130,0.645815152,0.7591,0.6193,0.8791
131,0.644554703,0.754,0.6109,0.876
132,0.643746766,0.7806,0.646,0.8936
133,0.644478165,0.7592,0.62,0.8841
134,0.646231199,0.7369,0.5922,0.8697
135,0.643286282,0.7925,0.6631,0.9028
136,0.646565527,0.7797,0.646,0.8902
137,0.646788984,0.7341,0.5861,0.8673
138,0.645497752,0.738,0.594,0.8667
139,0.644932551,0.7596,0.622,0.883
140,0.644295253,0.7325,0.5851,0.8637
141,0.646423244,0.7398,0.5944,0.8721
142,0.643461829,0.7902,0.6591,0.8964
143,0.643786802,0.7874,0.6564,0.8997
144,0.644443322,0.787,0.655,0.9003
145,0.649755227,0.668,0.5112,0.8127
146,0.643329148,0.7719,0.6349,0.888
147,0.645026336,0.7519,0.6101,0.8746
148,0.6428824,0.7872,0.6566,0.897
149,0.643173583,0.7463,0.6031,0.8693
150,0.643104533,0.7713,0.6332,0.8898
151,0.642869948,0.7979,0.6693,0.9043
152,0.642250951,0.7649,0.6258,0.8863
153,0.643952613,0.7277,0.5801,0.857
154,0.645446356,0.7948,0.6654,0.9021
155,0.645397708,0.7898,0.6606,0.9073
156,0.644528795,0.7693,0.6323,0.8836
157,0.643692515,0.7965,0.6676,0.9046
158,0.645953347,0.7532,0.6142,0.8792
159,0.643360561,0.8085,0.6867,0.9128
160,0.642617427,0.7821,0.6484,0.8959
161,0.643934866,0.7413,0.5981,0.873
162,0.642817312,0.8016,0.6746,0.9052
163,0.643027246,0.7871,0.6577,0.8991
164,0.643604176,0.7948,0.6658,0.9011
165,0.642789254,0.7959,0.6687,0.9046
166,0.64513948,0.7895,0.6577,0.8973
167,0.643588394,0.7602,0.6208,0.8813
168,0.650488582,0.7434,0.6026,0.8733
169,0.643711712,0.7861,0.6551,0.8987
170,0.646087559,0.7694,0.6342,0.8881
171,0.643109352,0.7867,0.6552,0.8964
172,0.642337205,0.7741,0.6374,0.8878
173,0.64626936,0.7332,0.5857,0.8592
174,0.650791839,0.6962,0.5447,0.8327
175,0.643021029,0.7845,0.6518,0.8927
176,0.643655124,0.7126,0.5639,0.8466
177,0.643615382,0.7964,0.6699,0.9047
178,0.643441589,0.7584,0.6187,0.8835
179,0.643054623,0.8069,0.6827,0.9079
180,0.643193274,0.77,0.6319,0.887
181,0.644108132,0.8109,0.6872,0.9122
182,0.64149153,0.8009,0.6747,0.9052
183,0.642270875,0.8191,0.7004,0.9187
184,0.644616598,0.7731,0.6362,0.8848
185,0.641925343,0.7988,0.6694,0.9048
186,0.644043072,0.7731,0.6363,0.8905
187,0.645744947,0.7219,0.5732,0.8561
188,0.642528742,0.805,0.6806,0.9079
189,0.643011957,0.8072,0.6844,0.9099
190,0.64248735,0.7912,0.6608,0.8975
191,0.645615394,0.741,0.5956,0.8691
192,0.645026539,0.7684,0.6315,0.884
193,0.644638148,0.7928,0.6636,0.8991
194,0.643523389,0.7957,0.6689,0.9046
195,0.643570775,0.7377,0.5924,0.8685
196,0.642318071,0.8028,0.6787,0.9071
197,0.642818185,0.8128,0.6892,0.9111
198,0.642138099,0.8004,0.6722,0.9051
199,0.641850551,0.7973,0.6697,0.9036
200,0.641796365,0.7902,0.6604,0.9
201,0.645987029,0.7083,0.5556,0.8447
202,0.642748766,0.7796,0.6466,0.8926
203,0.642380349,0.7586,0.6204,0.8835
204,0.642233897,0.7968,0.671,0.9039
205,0.641556383,0.792,0.6627,0.9032
206,0.64204843,0.7944,0.6654,0.9034
207,0.646175717,0.7418,0.6009,0.8702
208,0.642658132,0.7925,0.6626,0.9
209,0.642933514,0.7955,0.6664,0.9029
210,0.641216826,0.8211,0.7058,0.9177
211,0.645280617,0.7327,0.5899,0.8688
212,0.643883295,0.7791,0.6458,0.8982
213,0.641989146,0.7346,0.589,0.8631
214,0.641858284,0.8096,0.6871,0.9125
215,0.642340783,0.8156,0.6948,0.915
216,0.642664191,0.8226,0.7047,0.9209
217,0.641061262,0.8016,0.6749,0.9042
218,0.645367359,0.7593,0.623,0.8835
219,0.642295713,0.7887,0.658,0.8995
220,0.641974041,0.8236,0.7071,0.9159
221,0.642088703,0.7975,0.6691,0.904
222,0.641750395,0.7972,0.6694,0.9021
223,0.643220039,0.7375,0.5961,0.8637
224,0.647168281,0.6774,0.5264,0.824
225,0.64185666,0.7812,0.6498,0.8953
226,0.641534893,0.789,0.6605,0.9003
227,0.641778597,0.8171,0.6985,0.916
228,0.641830958,0.7692,0.6313,0.8812
229,0.642919537,0.8063,0.6828,0.904
230,0.641136342,0.8248,0.7076,0.9176
231,0.642239825,0.8231,0.7062,0.9206
232,0.640907509,0.8321,0.7167,0.9189
233,0.643264121,0.8041,0.6781,0.9107
234,0.642286828,0.8026,0.6769,0.9059
235,0.643264033,0.7921,0.6636,0.8993
236,0.64184392,0.8261,0.7122,0.9222
237,0.64095294,0.8107,0.6883,0.9108
238,0.643705115,0.8219,0.7039,0.9215
239,0.644008101,0.7032,0.5502,0.8413
240,0.644990455,0.6833,0.5271,0.8267
241,0.641127936,0.8031,0.6775,0.9059
242,0.643882235,0.7815,0.6511,0.8953
243,0.640646472,0.8272,0.7102,0.9193
244,0.640978979,0.8172,0.6969,0.9139
245,0.640717311,0.8195,0.7011,0.9186
246,0.641244358,0.7663,0.6309,0.8839
247,0.647939956,0.7103,0.5592,0.8443
248,0.645475308,0.7373,0.5915,0.8638
249,0.641538736,0.8007,0.6748,0.9047
250,0.640567817,0.802,0.6766,0.906
251,0.642587857,0.7769,0.6444,0.8881
252,0.640509511,0.7882,0.658,0.8956
253,0.641267061,0.7964,0.6679,0.9022
254,0.642149443,0.7291,0.5831,0.8577
255,0.64213137,0.7637,0.6248,0.8813
256,0.640675174,0.8094,0.6847,0.9076
257,0.640860444,0.8039,0.6799,0.9072
258,0.642896216,0.7892,0.6599,0.8956
259,0.640879629,0.7616,0.6229,0.8779
260,0.640052703,0.7932,0.6623,0.8979
261,0.641333438,0.7333,0.5901,0.8607
262,0.64108954,0.8172,0.6988,0.9188
263,0.641427511,0.7899,0.6615,0.8982
264,0.643303351,0.7696,0.6321,0.8819
265,0.642636986,0.7267,0.582,0.8547
266,0.640419778,0.7849,0.6501,0.8909
267,0.646016944,0.668,0.5185,0.8123
268,0.640186506,0.8043,0.6777,0.9019
269,0.641160131,0.7875,0.6568,0.8927
270,0.641242795,0.8142,0.6911,0.9113
271,0.643337742,0.7361,0.5922,0.8595
272,0.640313494,0.8362,0.7236,0.9242
273,0.640349474,0.8096,0.6877,0.906
274,0.640088145,0.8044,0.6807,0.9054
275,0.643994043,0.7454,0.6059,0.8733
276,0.640619972,0.7734,0.6405,0.8908
277,0.643910961,0.7249,0.576,0.8519
278,0.641498591,0.7834,0.6524,0.8981
279,0.640385498,0.7922,0.6621,0.8989
280,0.640172428,0.7931,0.6639,0.8995
281,0.643384965,0.627,0.4651,0.7692
282,0.640020826,0.8013,0.6738,0.9037
283,0.640981523,0.757,0.617,0.8762
284,0.640737612,0.7944,0.6676,0.9017
285,0.640095125,0.7782,0.6452,0.89
286,0.639434519,0.8078,0.6841,0.9085
287,0.641835734,0.7826,0.6489,0.8877
288,0.642456381,0.7739,0.6418,0.8862
289,0.641934552,0.7689,0.6321,0.8825
290,0.641098562,0.8211,0.7026,0.9135
291,0.641738528,0.7721,0.6343,0.8811
292,0.639568866,0.8025,0.6756,0.9051
293,0.642050043,0.7219,0.578,0.8572
294,0.641032569,0.8169,0.6985,0.9169
295,0.643111052,0.701,0.5506,0.8407
296,0.64000012,0.7972,0.669,0.901
297,0.640747877,0.8076,0.6827,0.909
298,0.6422467,0.7739,0.6389,0.8898
299,0.641530435,0.7774,0.6452,0.8894
300,0.64117941,0.7939,0.664,0.8998
301,0.641276371,0.7877,0.6564,0.8954
302,0.640024706,0.8035,0.6792,0.9052
303,0.640459194,0.8032,0.6786,0.9062
304,0.639718788,0.8273,0.7117,0.9181
305,0.639778978,0.7786,0.6478,0.8904
306,0.641486103,0.8129,0.6901,0.9112
307,0.640794395,0.7392,0.5945,0.8659
308,0.640122459,0.7756,0.6426,0.8891
309,0.63991528,0.8177,0.6983,0.912
310,0.640788983,0.8017,0.6756,0.9068
311,0.641164444,0.7961,0.6665,0.899
312,0.640274879,0.8165,0.6962,0.9119
313,0.640893667,0.7536,0.6103,0.875
314,0.638998335,0.8143,0.6929,0.9104
315,0.639852174,0.8208,0.7039,0.918
316,0.639924468,0.8297,0.7137,0.9186
317,0.639740784,0.812,0.6904,0.9095
318,0.639492767,0.8079,0.6856,0.9067
319,0.640209051,0.8372,0.7263,0.924
320,0.64025001,0.8299,0.714,0.9195
321,0.639283191,0.8139,0.6923,0.9097
322,0.639728642,0.8316,0.7181,0.9224
323,0.639500709,0.819,0.7003,0.9181
324,0.640378671,0.7802,0.6465,0.8894
325,0.639679971,0.7596,0.6223,0.8762
326,0.640275918,0.7894,0.661,0.8956
327,0.642675137,0.7219,0.5757,0.8541
328,0.639433791,0.8231,0.7063,0.9164
329,0.641440625,0.7951,0.6686,0.9017
330,0.640007412,0.8007,0.6733,0.9046
331,0.643837108,0.7521,0.6154,0.8776
332,0.642440042,0.778,0.6441,0.891
333,0.639493917,0.8261,0.7084,0.9158
334,0.639459754,0.8327,0.7187,0.9214
335,0.639199652,0.8176,0.697,0.9116
336,0.640610235,0.8248,0.71,0.9178
337,0.638859627,0.8327,0.7198,0.9197
338,0.639086324,0.8322,0.7203,0.9226
339,0.638776635,0.8179,0.6992,0.9144
340,0.63942212,0.8102,0.6902,0.9096
341,0.639302132,0.8281,0.711,0.9159
342,0.639668904,0.7917,0.6638,0.8989
343,0.638555837,0.8034,0.6789,0.9023
344,0.638796302,0.7737,0.6386,0.8811
345,0.640171471,0.7967,0.6709,0.9008
346,0.639228453,0.8213,0.7034,0.916
347,0.638858973,0.7937,0.6633,0.896
348,0.639634078,0.7811,0.6483,0.8865
349,0.639444883,0.7904,0.6607,0.8958
350,0.641742638,0.7426,0.5995,0.8653
351,0.640883091,0.8025,0.6783,0.9067
352,0.640402086,0.7587,0.62,0.8772
353,0.639443596,0.8153,0.6955,0.9125
354,0.639410796,0.7954,0.6673,0.9021
355,0.639315746,0.8359,0.7236,0.9231
356,0.639000445,0.7978,0.6732,0.9039
357,0.639891586,0.7836,0.6525,0.8934
358,0.642618742,0.7512,0.6132,0.8732
359,0.64053361,0.7852,0.6574,0.8937
360,0.639493725,0.7738,0.643,0.8874
361,0.642005724,0.7801,0.6478,0.8914
362,0.639548116,0.7976,0.6732,0.9014
363,0.640676831,0.7961,0.6715,0.9013
364,0.64121399,0.8007,0.6748,0.9005
365,0.639751317,0.7893,0.661,0.8954
366,0.638708493,0.8097,0.6868,0.9104
367,0.638640902,0.834,0.7224,0.9218
368,0.639855019,0.7782,0.6435,0.8868
369,0.638368212,0.8226,0.7034,0.912
370,0.642876008,0.7475,0.6049,0.8652
371,0.638324881,0.8258,0.7098,0.9162
372,0.638567434,0.8181,0.6984,0.9155
373,0.639680256,0.8151,0.6938,0.9109
374,0.63950638,0.8225,0.7047,0.9152
375,0.641155791,0.7864,0.656,0.8926
376,0.639151163,0.8262,0.711,0.917
377,0.638734763,0.8199,0.7004,0.9124
378,0.638754681,0.8243,0.7069,0.9176
379,0.640584874,0.7902,0.6606,0.8922
380,0.640546764,0.7859,0.6557,0.8908
381,0.639820201,0.8338,0.7215,0.9221
382,0.639202081,0.8207,0.7028,0.9177
383,0.640039107,0.7913,0.6652,0.8982
384,0.639585821,0.8312,0.7158,0.9198
385,0.638975403,0.8258,0.708,0.9166
386,0.638940596,0.82,0.7007,0.9132
387,0.643808142,0.7595,0.6196,0.8765
388,0.63951198,0.8022,0.6769,0.9004
389,0.640405748,0.7845,0.652,0.8915
390,0.638149273,0.8266,0.7117,0.9177
391,0.639583781,0.7836,0.6526,0.8886
392,0.638722273,0.8226,0.7055,0.9127
393,0.639043035,0.8124,0.6919,0.9057
394,0.638833723,0.84,0.7309,0.927
395,0.640023149,0.7905,0.6645,0.8954
396,0.638316497,0.7898,0.6628,0.8994
397,0.638609579,0.7777,0.6434,0.89
398,0.6395066,0.7252,0.5775,0.8505
399,0.638656627,0.8036,0.6794,0.9039
400,0.637960071,0.8203,0.7002,0.912
401,0.640206988,0.7611,0.6275,0.8813
402,0.638671859,0.8064,0.6828,0.9058
403,0.639098,0.8162,0.6946,0.91
404,0.63849922,0.8199,0.7012,0.9131
405,0.642069497,0.7542,0.6145,0.8746
406,0.642279068,0.7746,0.6379,0.8833
407,0.638355273,0.8475,0.7424,0.9293
408,0.638086026,0.8437,0.7355,0.928
409,0.641901054,0.7688,0.6323,0.8827
410,0.638832316,0.7856,0.6562,0.8949
411,0.638545564,0.7963,0.67,0.9018
412,0.639088778,0.7911,0.6616,0.8966
413,0.638067891,0.8067,0.6852,0.9064
414,0.639041242,0.7745,0.6382,0.8859
415,0.641202765,0.7658,0.6294,0.8798
416,0.638704914,0.7968,0.6697,0.8999
417,0.638854407,0.7879,0.6585,0.8996
418,0.63878122,0.8179,0.6979,0.9111
419,0.640972719,0.7691,0.6329,0.8821
420,0.639415778,0.7905,0.6617,0.8939
421,0.638229985,0.8374,0.7265,0.9248
422,0.63842401,0.8394,0.729,0.9256
423,0.639868642,0.844,0.7348,0.9288
424,0.638516291,0.8404,0.7325,0.924
425,0.640169272,0.7884,0.6568,0.8927
426,0.638685075,0.7916,0.6621,0.8962
427,0.639050154,0.7884,0.6571,0.8959
428,0.643508876,0.7667,0.6293,0.8817
429,0.639125706,0.7923,0.665,0.8992
430,0.63862133,0.8229,0.7052,0.9145
431,0.638279216,0.8048,0.6806,0.9081
432,0.642516872,0.7349,0.5874,0.8542
433,0.637403903,0.8377,0.7249,0.9247
434,0.637429118,0.8391,0.7307,0.9258
435,0.638911844,0.8257,0.7088,0.9167
436,0.637703052,0.8206,0.7039,0.9138
437,0.638189885,0.8046,0.6835,0.907
438,0.641138379,0.77,0.6346,0.8836
439,0.639347376,0.7963,0.67,0.9016
440,0.640220819,0.8049,0.6795,0.9047
441,0.6382766,0.8364,0.7248,0.9232
442,0.637715397,0.8206,0.7035,0.9153
443,0.63781282,0.8423,0.7345,0.9262
444,0.637988628,0.8123,0.6898,0.9074
445,0.640375027,0.7782,0.6461,0.8888
446,0.639115553,0.7986,0.6724,0.9019
447,0.639068482,0.8086,0.6875,0.9063
448,0.637547664,0.8038,0.6792,0.905
449,0.637812354,0.8192,0.6997,0.9124
450,0.637403485,0.8258,0.7097,0.914
451,0.63788852,0.8198,0.7013,0.914
452,0.640231595,0.7813,0.6493,0.891
453,0.637992137,0.8242,0.7064,0.9137
454,0.639172416,0.7839,0.6544,0.8953
455,0.637825472,0.8267,0.7111,0.919
456,0.638670562,0.8023,0.6763,0.9005
457,0.638953685,0.8083,0.6846,0.9037
458,0.640828535,0.7454,0.604,0.8662
459,0.638661176,0.7812,0.649,0.8867
460,0.637331813,0.8328,0.7185,0.9185
461,0.638392177,0.7729,0.6429,0.8881
462,0.637762764,0.7723,0.6359,0.8828
463,0.637968885,0.7639,0.6296,0.8792
464,0.637715874,0.8096,0.6872,0.9063
465,0.638898694,0.7679,0.6326,0.8826
466,0.637352261,0.8143,0.6921,0.9106
467,0.638000026,0.8071,0.6829,0.9041
468,0.63825321,0.7928,0.6636,0.8957
469,0.637613621,0.8438,0.7362,0.9272
470,0.638268071,0.7862,0.6563,0.8919
471,0.637808088,0.8173,0.6978,0.91
472,0.638729976,0.7971,0.6692,0.8991
473,0.639117984,0.7805,0.6499,0.8947
474,0.638818944,0.8123,0.6898,0.9099
475,0.639444736,0.808,0.6838,0.9049
476,0.638449275,0.8233,0.7061,0.9162
477,0.640095215,0.7784,0.6467,0.8942
478,0.638264393,0.8052,0.6815,0.9061
479,0.637173489,0.8165,0.6978,0.9122
480,0.637548229,0.8138,0.6932,0.9108
481,0.638290954,0.8128,0.6911,0.9092
482,0.637937416,0.8285,0.7135,0.9208
483,0.640609907,0.7299,0.5846,0.8575
484,0.638203417,0.809,0.6858,0.9069
485,0.637596715,0.8132,0.6917,0.9094
486,0.639749521,0.7331,0.5892,0.8585
487,0.638305413,0.7845,0.6543,0.8935
488,0.638058341,0.8402,0.7299,0.9247
489,0.638144941,0.7849,0.656,0.896
490,0.638241799,0.7888,0.6589,0.8957
491,0.638770728,0.779,0.6473,0.8899
492,0.638248255,0.8075,0.6873,0.9082
493,0.637021954,0.8381,0.7267,0.9237
494,0.637489309,0.8293,0.7146,0.9194
495,0.637526972,0.8093,0.6857,0.908
496,0.637614942,0.8194,0.6993,0.9111
497,0.639322438,0.7804,0.6494,0.8913
498,0.637413968,0.8345,0.7213,0.9213
499,0.637746471,0.8102,0.688,0.9068
500,0.638172461,0.8014,0.6764,0.905
501,0.637848711,0.8213,0.7029,0.9144
502,0.639769719,0.753,0.6149,0.8749
503,0.637504794,0.8221,0.7052,0.9156
504,0.638861092,0.7907,0.6636,0.8985
505,0.636997885,0.8517,0.7461,0.9292
506,0.637731158,0.8355,0.7243,0.9231
507,0.637801981,0.8061,0.686,0.9077
508,0.637189242,0.8398,0.7291,0.9232
509,0.63730345,0.8366,0.7239,0.9207
510,0.637649302,0.8315,0.7164,0.9165
511,0.637499578,0.8443,0.7351,0.9258
512,0.637762748,0.8367,0.7258,0.9217
513,0.63754385,0.834,0.7203,0.9215
514,0.637295644,0.8378,0.7262,0.9228
515,0.637499736,0.8293,0.7147,0.9174
516,0.637451856,0.8285,0.7157,0.919
517,0.637171768,0.8299,0.7166,0.92
518,0.637388662,0.8165,0.6965,0.9098
519,0.637270565,0.8034,0.6772,0.9005
520,0.638540755,0.7663,0.6306,0.8813
521,0.637623873,0.8132,0.6911,0.9066
522,0.638003583,0.7742,0.6413,0.8837
523,0.637362848,0.7953,0.6698,0.8997
524,0.638553764,0.7573,0.6204,0.8785
525,0.637481934,0.8344,0.7221,0.9224
526,0.637372518,0.7658,0.6283,0.8845
527,0.63727481,0.7998,0.6733,0.9023
528,0.637113799,0.837,0.726,0.9235
529,0.63686019,0.8223,0.707,0.9167
530,0.63724915,0.8195,0.7015,0.9145
531,0.637154222,0.8182,0.7001,0.9155
532,0.636982573,0.8224,0.7062,0.9149
533,0.638881986,0.7749,0.6376,0.8823
534,0.637349414,0.8085,0.6844,0.9051
535,0.636771452,0.8285,0.7146,0.9207
536,0.637049546,0.8458,0.7388,0.9267
537,0.636989216,0.837,0.7246,0.9201
538,0.637884643,0.8195,0.6991,0.9094
539,0.637054637,0.8357,0.7241,0.9208
540,0.637410448,0.8218,0.704,0.9144
541,0.636776028,0.8423,0.7354,0.9235
542,0.636858803,0.8354,0.7227,0.9201
543,0.636687701,0.8371,0.7251,0.9218
544,0.637164671,0.8307,0.7147,0.9173
545,0.638567837,0.7999,0.6755,0.9027
546,0.638113531,0.8141,0.6932,0.908
547,0.637518833,0.8067,0.686,0.9075
548,0.637824435,0.8136,0.6911,0.9071
549,0.6368005,0.8483,0.7438,0.9284
550,0.636997115,0.8293,0.7139,0.9163
551,0.637428007,0.8192,0.6994,0.9105
552,0.637341451,0.8037,0.6795,0.9024
553,0.637234156,0.8019,0.6771,0.9025
554,0.637957581,0.7791,0.646,0.8916
555,0.637185954,0.81,0.6879,0.9062
556,0.637240443,0.8152,0.6925,0.9075
557,0.637428274,0.796,0.6695,0.9008
558,0.637965674,0.777,0.6448,0.8865
559,0.638559033,0.6996,0.5492,0.8344
560,0.637854045,0.7571,0.6158,0.8726
561,0.637430821,0.8031,0.6797,0.9055
562,0.638800433,0.768,0.6325,0.8803
563,0.638453176,0.7695,0.638,0.8856
564,0.637980339,0.7894,0.6591,0.8932
565,0.637395308,0.8008,0.6743,0.9003
566,0.636536287,0.8222,0.7048,0.9142
567,0.636733813,0.8199,0.7016,0.9132
568,0.636998645,0.8264,0.7119,0.9189
569,0.636888543,0.792,0.6615,0.8951
570,0.637723969,0.7683,0.6346,0.8812
571,0.637621914,0.7739,0.6371,0.8835
572,0.638788494,0.777,0.6435,0.8848
573,0.637353835,0.8005,0.6758,0.8996
574,0.636932274,0.805,0.6795,0.9015
575,0.63682831,0.7693,0.6368,0.883
576,0.637027877,0.7846,0.654,0.8921
577,0.636926854,0.797,0.6712,0.9009
578,0.636968392,0.7951,0.6642,0.8965
579,0.636894676,0.798,0.6713,0.9
580,0.636724753,0.8206,0.7024,0.9147
581,0.637128709,0.7953,0.6676,0.8987
582,0.636886613,0.815,0.6953,0.9105
583,0.636852955,0.8184,0.6993,0.9121
584,0.637595678,0.7883,0.6594,0.8964
585,0.637316983,0.7995,0.6785,0.9064
586,0.637173947,0.8273,0.711,0.9152
587,0.637169126,0.8062,0.6819,0.9058
588,0.637656548,0.7804,0.6489,0.8899
589,0.637546109,0.7779,0.6444,0.8893
590,0.637489745,0.7931,0.6652,0.9007
591,0.63668641,0.8144,0.6936,0.9104
592,0.637061056,0.8232,0.7057,0.917
593,0.63701215,0.8271,0.7122,0.9181
594,0.63711392,0.8218,0.7034,0.9136
595,0.637446305,0.7886,0.6617,0.8966
596,0.637105266,0.7934,0.6662,0.8957
597,0.636746649,0.8255,0.7081,0.9168
598,0.637066727,0.7938,0.6663,0.8944
599,0.637478195,0.7834,0.6547,0.8907
600,0.636877076,0.8236,0.7068,0.9136
601,0.636935596,0.8145,0.6947,0.9114
602,0.637768503,0.7705,0.6402,0.8879
603,0.637434996,0.7836,0.6513,0.8888
604,0.637318799,0.796,0.6714,0.8984
605,0.63767356,0.8,0.6738,0.9
606,0.637341243,0.7855,0.6542,0.8872
607,0.636827457,0.8345,0.7218,0.9199
608,0.637077701,0.8161,0.6955,0.9103
609,0.63708163,0.8187,0.6996,0.9103
610,0.638023826,0.7769,0.6455,0.8888
611,0.63801669,0.7742,0.6421,0.888
612,0.637284809,0.7922,0.6641,0.8971
613,0.637203576,0.8021,0.6763,0.9041
614,0.63717375,0.7938,0.663,0.8942
615,0.637258602,0.7832,0.6514,0.8917
616,0.637201694,0.7867,0.6558,0.8951
617,0.638037325,0.799,0.6759,0.9029
618,0.639091373,0.7423,0.6019,0.8691
619,0.638444644,0.7519,0.6139,0.8726
620,0.638322804,0.7722,0.6383,0.884
621,0.637064785,0.7858,0.6577,0.8918
622,0.636822148,0.8268,0.7127,0.9173
623,0.637209189,0.7987,0.6733,0.9042
624,0.63758343,0.7856,0.655,0.8915
625,0.63715699,0.8101,0.6899,0.9075
626,0.637233688,0.7917,0.6635,0.8992
627,0.637374163,0.8083,0.6899,0.9103
628,0.63751909,0.7872,0.6557,0.889
629,0.637169193,0.8116,0.6895,0.9089
630,0.637100172,0.805,0.6826,0.9057
631,0.637448315,0.8069,0.6838,0.9055
632,0.637404767,0.7948,0.6665,0.897
633,0.637320024,0.8011,0.6751,0.9006
634,0.636927821,0.8142,0.6918,0.9066
635,0.637138913,0.8058,0.6828,0.9047
636,0.636783217,0.8352,0.7213,0.9199
637,0.637287367,0.7837,0.6533,0.8908
638,0.637596085,0.7909,0.6618,0.8969
639,0.636926517,0.8411,0.73,0.9218
640,0.637214994,0.8033,0.68,0.9046
641,0.637103278,0.8067,0.6839,0.9055
642,0.637568209,0.7826,0.6527,0.8927
643,0.637404048,0.7957,0.6707,0.9003
644,0.637258034,0.7863,0.6571,0.8928
645,0.637033147,0.8118,0.6908,0.9082
646,0.637685048,0.7968,0.6707,0.8984
647,0.637834922,0.7906,0.6603,0.8956
648,0.636953231,0.795,0.6674,0.9
649,0.636829107,0.834,0.7216,0.9213
650,0.637123246,0.8138,0.695,0.9092